,date,close,volume
0,2017-12-31 18:00:00,13380.0,8609.91584400
1,2018-01-01 18:00:00,14675.11,20078.09211100
2,2018-01-02 18:00:00,14919.51,15905.66763900
3,2018-01-03 18:00:00,15059.54,21329.64957400
4,2018-01-04 18:00:00,16960.39,23251.49112500
5,2018-01-05 18:00:00,17069.79,18571.45750800
6,2018-01-06 18:00:00,16150.03,12493.12555800
7,2018-01-07 18:00:00,14902.54,26600.60991200
8,2018-01-08 18:00:00,14400.0,14315.00425300
9,2018-01-09 18:00:00,14907.09,17411.00165500
10,2018-01-10 18:00:00,13238.78,33554.72375100
11,2018-01-11 18:00:00,13740.01,16417.16213700
12,2018-01-12 18:00:00,14210.0,12221.50852800
13,2018-01-13 18:00:00,13474.99,17017.89432900
14,2018-01-14 18:00:00,13539.93,14652.09470500
15,2018-01-15 18:00:00,10900.0,63401.16917500
16,2018-01-16 18:00:00,10988.79,72331.79664600
17,2018-01-17 18:00:00,10961.97,48464.43493700
18,2018-01-18 18:00:00,11474.98,34129.37542100
19,2018-01-19 18:00:00,12799.94,28768.85782700
20,2018-01-20 18:00:00,11530.0,41379.77342600
21,2018-01-21 18:00:00,10760.05,43752.60679100
22,2018-01-22 18:00:00,10799.18,37473.92255200
23,2018-01-23 18:00:00,11349.99,27158.58776200
24,2018-01-24 18:00:00,11175.27,20839.95418300
25,2018-01-25 18:00:00,11089.0,33056.87196000
26,2018-01-26 18:00:00,11491.0,18860.76834500
27,2018-01-27 18:00:00,11879.95,16887.33952400
28,2018-01-28 18:00:00,11251.0,14170.37753800
29,2018-01-29 18:00:00,10237.51,25554.37294600
30,2018-01-30 18:00:00,10285.1,18015.95680500
31,2018-01-31 18:00:00,9224.52,33564.76431100
32,2018-02-01 18:00:00,8873.03,49971.62697500
33,2018-02-02 18:00:00,9199.96,28725.00073500
34,2018-02-03 18:00:00,8184.81,32014.30844900
35,2018-02-04 18:00:00,6939.99,63403.18257900
36,2018-02-05 18:00:00,7652.14,100201.50030700
37,2018-02-06 18:00:00,7599.0,60778.46049700
38,2018-02-07 18:00:00,7784.02,1521.53731800
39,2018-02-08 18:00:00,8683.92,20482.91082500
40,2018-02-09 18:00:00,8533.98,49381.51265300
41,2018-02-10 18:00:00,8063.88,45025.18795200
42,2018-02-11 18:00:00,8903.0,41987.85049000
43,2018-02-12 18:00:00,8539.9,35454.97295600
44,2018-02-13 18:00:00,9449.99,40811.95286700
45,2018-02-14 18:00:00,10000.09,52427.59671500
46,2018-02-15 18:00:00,10159.98,38161.20597400
47,2018-02-16 18:00:00,11039.55,41882.10840700
48,2018-02-17 18:00:00,10383.43,61137.38072800
49,2018-02-18 18:00:00,11153.0,40831.41713100
50,2018-02-19 18:00:00,11200.99,48153.35428800
51,2018-02-20 18:00:00,10437.6,68113.81875400
52,2018-02-21 18:00:00,9811.04,67060.16648300
53,2018-02-22 18:00:00,10131.04,57202.70237000
54,2018-02-23 18:00:00,9694.51,40888.15629900
55,2018-02-24 18:00:00,9590.0,28373.51758600
56,2018-02-25 18:00:00,10324.0,34878.29275600
57,2018-02-26 18:00:00,10569.04,30705.38512300
58,2018-02-27 18:00:00,10326.76,30800.98378200
59,2018-02-28 18:00:00,10920.0,25092.55393000
60,2018-03-01 18:00:00,11039.0,23910.71009000
61,2018-03-02 18:00:00,11464.48,21287.15328000
62,2018-03-03 18:00:00,11515.0,17295.91865300
63,2018-03-04 18:00:00,11454.0,15144.23106300
64,2018-03-05 18:00:00,10716.48,29515.57236300
65,2018-03-06 18:00:00,9910.0,50647.67108000
66,2018-03-07 18:00:00,9271.64,41109.47322600
67,2018-03-08 18:00:00,9227.0,64112.29140700
68,2018-03-09 18:00:00,8770.22,37180.01285700
69,2018-03-10 18:00:00,9533.57,44325.97338600
70,2018-03-11 18:00:00,9131.34,42230.77793000
71,2018-03-12 18:00:00,9150.0,40191.40935800
72,2018-03-13 18:00:00,8170.0,49708.09410800
73,2018-03-14 18:00:00,8240.98,52291.02227700
74,2018-03-15 18:00:00,8260.0,38815.40989300
75,2018-03-16 18:00:00,7824.8,33110.20632900
76,2018-03-17 18:00:00,8189.99,59488.23171100
77,2018-03-18 18:00:00,8600.0,55297.08494200
78,2018-03-19 18:00:00,8909.98,44865.10583500
79,2018-03-20 18:00:00,8885.0,39972.40537100
80,2018-03-21 18:00:00,8722.9,40617.55680900
81,2018-03-22 18:00:00,8898.03,39991.00766600
82,2018-03-23 18:00:00,8546.86,35466.60957200
83,2018-03-24 18:00:00,8470.15,29001.76931600
84,2018-03-25 18:00:00,8134.23,44033.59566000
85,2018-03-26 18:00:00,7795.51,37427.64805000
86,2018-03-27 18:00:00,7949.3,26401.33167000
87,2018-03-28 18:00:00,7090.14,54620.91512500
88,2018-03-29 18:00:00,6840.23,65306.03197600
89,2018-03-30 18:00:00,6923.91,36868.53908700
90,2018-03-31 18:00:00,6813.01,44071.43046300
91,2018-04-01 19:00:00,7056.0,32123.56007200
92,2018-04-02 19:00:00,7405.21,37787.33181100
93,2018-04-03 19:00:00,6796.1,42227.18380400
94,2018-04-04 19:00:00,6770.76,39029.73146000
95,2018-04-05 19:00:00,6601.39,27455.01192000
96,2018-04-06 19:00:00,6895.8,32269.57826700
97,2018-04-07 19:00:00,7018.0,21427.67316500
98,2018-04-08 19:00:00,6782.72,34078.29720600
99,2018-04-09 19:00:00,6843.9,22326.72809500
100,2018-04-10 19:00:00,6953.79,23997.87117700
101,2018-04-11 19:00:00,7923.0,64861.59598700
102,2018-04-12 19:00:00,7877.41,55044.52314800
103,2018-04-13 19:00:00,7999.01,31621.28635700
104,2018-04-14 19:00:00,8355.0,27946.72044400
105,2018-04-15 19:00:00,8064.92,36664.06971500
106,2018-04-16 19:00:00,7885.02,32152.60356700
107,2018-04-17 19:00:00,8173.0,26969.04457000
108,2018-04-18 19:00:00,8278.0,27113.84746400
109,2018-04-19 19:00:00,8856.98,39795.33748500
110,2018-04-20 19:00:00,8915.31,40872.22990900
111,2018-04-21 19:00:00,8787.02,29458.25348000
112,2018-04-22 19:00:00,8934.01,25838.11470900
113,2018-04-23 19:00:00,9619.99,46268.79010600
114,2018-04-24 19:00:00,8869.99,81110.03758900
115,2018-04-25 19:00:00,9266.0,43300.30424500
116,2018-04-26 19:00:00,8915.35,37241.34703600
117,2018-04-27 19:00:00,9348.0,34759.62842000
118,2018-04-28 19:00:00,9419.0,38149.85003500
119,2018-04-29 19:00:00,9246.01,35002.03387500
120,2018-04-30 19:00:00,9071.48,41018.46363300
121,2018-05-01 19:00:00,9247.84,26123.54396100
122,2018-05-02 19:00:00,9750.0,38768.38828800
123,2018-05-03 19:00:00,9713.99,28681.58887900
124,2018-05-04 19:00:00,9864.0,24990.01834500
125,2018-05-05 19:00:00,9659.01,27690.35155900
126,2018-05-06 19:00:00,9365.0,33787.64001200
127,2018-05-07 19:00:00,9187.56,25533.83188900
128,2018-05-08 19:00:00,9310.0,25673.52489900
129,2018-05-09 19:00:00,9002.2,25055.06371800
130,2018-05-10 19:00:00,8400.0,48227.04806100
131,2018-05-11 19:00:00,8465.94,40241.32081000
132,2018-05-12 19:00:00,8679.71,25632.86936200
133,2018-05-13 19:00:00,8663.34,37389.66653300
134,2018-05-14 19:00:00,8462.0,28126.95613600
135,2018-05-15 19:00:00,8330.0,31130.71890800
136,2018-05-16 19:00:00,8041.46,25439.84479900
137,2018-05-17 19:00:00,8239.81,23476.15825100
138,2018-05-18 19:00:00,8233.49,17193.42427600
139,2018-05-19 19:00:00,8526.98,19957.05710900
140,2018-05-20 19:00:00,8381.24,21516.59648600
141,2018-05-21 19:00:00,7977.11,23710.90285800
142,2018-05-22 19:00:00,7501.95,42910.66677400
143,2018-05-23 19:00:00,7575.01,37845.44659500
144,2018-05-24 19:00:00,7457.0,26739.95664000
145,2018-05-25 19:00:00,7333.96,19464.08607100
146,2018-05-26 19:00:00,7338.99,18706.94551500
147,2018-05-27 19:00:00,7099.0,27219.43896300
148,2018-05-28 19:00:00,7461.29,39407.21183000
149,2018-05-29 19:00:00,7375.96,32041.58362300
150,2018-05-30 19:00:00,7485.01,30776.06310200
151,2018-05-31 19:00:00,7521.01,28259.12407800
152,2018-06-01 19:00:00,7640.03,26720.69021900
153,2018-06-02 19:00:00,7714.26,27505.15895100
154,2018-06-03 19:00:00,7487.0,32258.83511500
155,2018-06-04 19:00:00,7625.0,31722.97338400
156,2018-06-05 19:00:00,7658.84,27229.99189800
157,2018-06-06 19:00:00,7691.08,25062.22720200
158,2018-06-07 19:00:00,7603.44,23396.80467100
159,2018-06-08 19:00:00,7491.73,19339.88517600
160,2018-06-09 19:00:00,6764.99,52342.02003200
161,2018-06-10 19:00:00,6872.0,34552.16230300
162,2018-06-11 19:00:00,6530.0,36722.21119100
163,2018-06-12 19:00:00,6292.78,46185.51810000
164,2018-06-13 19:00:00,6635.98,44478.13083700
165,2018-06-14 19:00:00,6388.9,30018.32990500
166,2018-06-15 19:00:00,6483.98,22277.24114700
167,2018-06-16 19:00:00,6449.61,19847.24768800
168,2018-06-17 19:00:00,6712.46,31821.43499500
169,2018-06-18 19:00:00,6741.21,24311.42114300
170,2018-06-19 19:00:00,6761.51,26359.75245200
171,2018-06-20 19:00:00,6718.84,25428.85404800
172,2018-06-21 19:00:00,6045.0,52157.37083300
173,2018-06-22 19:00:00,6149.98,26622.78858900
174,2018-06-23 19:00:00,6136.97,47445.99895500
175,2018-06-24 19:00:00,6252.0,39164.51530600
176,2018-06-25 19:00:00,6070.78,19377.24048400
177,2018-06-26 19:00:00,6133.73,19225.67109800
178,2018-06-27 19:00:00,5853.98,30585.26602600
179,2018-06-28 19:00:00,6197.92,33911.28727800
180,2018-06-29 19:00:00,6390.07,37919.61284000
181,2018-06-30 19:00:00,6356.81,27562.96597400
182,2018-07-01 19:00:00,6615.29,36230.45226400
183,2018-07-02 19:00:00,6513.86,38657.78169100
184,2018-07-03 19:00:00,6586.98,23571.89277700
185,2018-07-04 19:00:00,6529.2,35071.97289800
186,2018-07-05 19:00:00,6609.78,29397.09474800
187,2018-07-06 19:00:00,6756.98,23973.87688600
188,2018-07-07 19:00:00,6712.1,24622.94779400
189,2018-07-08 19:00:00,6662.12,26732.40655000
190,2018-07-09 19:00:00,6296.91,38560.67270200
191,2018-07-10 19:00:00,6378.07,28715.49848700
192,2018-07-11 19:00:00,6250.57,31306.66334800
193,2018-07-12 19:00:00,6214.57,26375.32528600
194,2018-07-13 19:00:00,6251.99,17783.07199900
195,2018-07-14 19:00:00,6353.01,22979.21150800
196,2018-07-15 19:00:00,6723.35,36204.87708000
197,2018-07-16 19:00:00,7317.44,52105.42345900
198,2018-07-17 19:00:00,7381.9,59487.64345000
199,2018-07-18 19:00:00,7466.21,41218.25643700
200,2018-07-19 19:00:00,7337.53,46140.31344700
201,2018-07-20 19:00:00,7398.78,28886.49029100
202,2018-07-21 19:00:00,7394.79,30270.21844000
203,2018-07-22 19:00:00,7721.01,41646.34667100
204,2018-07-23 19:00:00,8397.24,60121.16374900
205,2018-07-24 19:00:00,8175.64,48257.64912400
206,2018-07-25 19:00:00,7920.0,43223.48168200
207,2018-07-26 19:00:00,8188.57,43671.00589100
208,2018-07-27 19:00:00,8225.04,26215.17383900
209,2018-07-28 19:00:00,8211.0,25531.22618500
210,2018-07-29 19:00:00,8173.92,39692.41654200
211,2018-07-30 19:00:00,7730.93,48296.91558700
212,2018-07-31 19:00:00,7604.58,42582.31293200
213,2018-08-01 19:00:00,7525.71,37665.69668400
214,2018-08-02 19:00:00,7418.78,44669.48604700
215,2018-08-03 19:00:00,7009.84,36288.42601000
216,2018-08-04 19:00:00,7024.19,32894.84978200
217,2018-08-05 19:00:00,6934.82,32760.19164300
218,2018-08-06 19:00:00,6720.06,45438.47350100
219,2018-08-07 19:00:00,6285.0,59550.53631900
220,2018-08-08 19:00:00,6529.79,51941.18511100
221,2018-08-09 19:00:00,6144.01,59034.97490200
222,2018-08-10 19:00:00,6232.35,47133.41855500
223,2018-08-11 19:00:00,6308.33,38567.77071200
224,2018-08-12 19:00:00,6246.35,53895.82878300
225,2018-08-13 19:00:00,6188.08,50186.74509100
226,2018-08-14 19:00:00,6267.16,68806.68702600
227,2018-08-15 19:00:00,6311.75,48515.25461800
228,2018-08-16 19:00:00,6584.49,57851.61080300
229,2018-08-17 19:00:00,6387.96,53742.32217200
230,2018-08-18 19:00:00,6477.53,45190.84799400
231,2018-08-19 19:00:00,6254.84,49435.55526000
232,2018-08-20 19:00:00,6480.0,41569.94740800
233,2018-08-21 19:00:00,6360.89,77909.39135900
234,2018-08-22 19:00:00,6525.01,40358.16682500
235,2018-08-23 19:00:00,6681.64,38305.67532200
236,2018-08-24 19:00:00,6733.64,19220.50592900
237,2018-08-25 19:00:00,6700.0,20107.29720800
238,2018-08-26 19:00:00,6908.64,37747.07874700
239,2018-08-27 19:00:00,7076.11,48352.91716300
240,2018-08-28 19:00:00,7031.22,43252.48739200
241,2018-08-29 19:00:00,6984.84,44716.77462000
242,2018-08-30 19:00:00,7011.21,40467.40063800
243,2018-08-31 19:00:00,7200.01,40323.41409300
244,2018-09-01 19:00:00,7302.01,39814.84035200
245,2018-09-02 19:00:00,7263.02,32396.01837100
246,2018-09-03 19:00:00,7359.06,35300.64051800
247,2018-09-04 19:00:00,6700.0,63715.25626700
248,2018-09-05 19:00:00,6516.01,60644.46422700
249,2018-09-06 19:00:00,6395.54,38906.28805000
250,2018-09-07 19:00:00,6185.05,38215.03217100
251,2018-09-08 19:00:00,6250.81,37053.92382000
252,2018-09-09 19:00:00,6312.0,32439.45643200
253,2018-09-10 19:00:00,6294.91,33104.88859000
254,2018-09-11 19:00:00,6338.62,31433.64593900
255,2018-09-12 19:00:00,6487.38,40465.06310700
256,2018-09-13 19:00:00,6476.63,37173.33927700
257,2018-09-14 19:00:00,6514.96,25243.65661200
258,2018-09-15 19:00:00,6505.0,27568.13289700
259,2018-09-16 19:00:00,6248.69,35987.25473800
260,2018-09-17 19:00:00,6336.45,32620.86667000
261,2018-09-18 19:00:00,6391.89,39044.08008200
262,2018-09-19 19:00:00,6492.0,25189.02472800
263,2018-09-20 19:00:00,6759.02,51779.34346300
264,2018-09-21 19:00:00,6723.05,29349.69066700
265,2018-09-22 19:00:00,6708.0,30286.22977300
266,2018-09-23 19:00:00,6581.39,35305.73991000
267,2018-09-24 19:00:00,6447.54,40301.02945200
268,2018-09-25 19:00:00,6465.12,33484.54207000
269,2018-09-26 19:00:00,6689.13,33087.42829700
270,2018-09-27 19:00:00,6634.58,42399.44852300
271,2018-09-28 19:00:00,6596.38,30255.95970000
272,2018-09-29 19:00:00,6626.57,27764.72451900
273,2018-09-30 19:00:00,6611.61,20621.50689400
274,2018-10-01 19:00:00,6525.79,28245.81008800
275,2018-10-02 19:00:00,6510.0,28451.96913800
276,2018-10-03 19:00:00,6593.79,20074.30081800
277,2018-10-04 19:00:00,6635.65,16096.55239200
278,2018-10-05 19:00:00,6594.27,10939.50539100
279,2018-10-06 19:00:00,6615.26,17406.83176200
280,2018-10-07 19:00:00,6673.01,23123.41954100
281,2018-10-08 19:00:00,6656.61,15354.77946900
282,2018-10-09 19:00:00,6631.0,15390.66144400
283,2018-10-10 19:00:00,6252.68,48712.40033200
284,2018-10-11 19:00:00,6298.01,29004.07141900
285,2018-10-12 19:00:00,6332.93,19098.07002500
286,2018-10-13 19:00:00,6339.34,15627.41131400
287,2018-10-14 19:00:00,6752.5,90748.03124600
288,2018-10-15 19:00:00,6759.27,27557.95776400
289,2018-10-16 19:00:00,6740.89,26641.43137900
290,2018-10-17 19:00:00,6618.96,20116.52194100
291,2018-10-18 19:00:00,6528.88,20772.60077000
292,2018-10-19 19:00:00,6588.4,19240.72224700
293,2018-10-20 19:00:00,6590.11,6515.35779200
294,2018-10-21 19:00:00,6581.2,16213.69266000
295,2018-10-22 19:00:00,6553.51,13856.60175600
296,2018-10-23 19:00:00,6565.5,11951.54397700
297,2018-10-24 19:00:00,6528.09,10342.70124400
298,2018-10-25 19:00:00,6538.63,9443.50415600
299,2018-10-26 19:00:00,6505.6,7776.90786400
300,2018-10-27 19:00:00,6489.93,5743.93372800
301,2018-10-28 18:00:00,6344.5,13827.22406700
302,2018-10-29 18:00:00,6330.87,8877.17538500
303,2018-10-30 18:00:00,6371.93,12148.88821600
304,2018-10-31 18:00:00,6410.0,9099.03584100
305,2018-11-01 18:00:00,6433.98,9739.44067900
306,2018-11-02 18:00:00,6387.09,7661.24147600
307,2018-11-03 18:00:00,6485.85,10592.39494300
308,2018-11-04 18:00:00,6468.99,8987.88215600
309,2018-11-05 18:00:00,6519.11,11926.56569900
310,2018-11-06 18:00:00,6578.46,14271.59111700
311,2018-11-07 18:00:00,6479.84,13259.78928200
312,2018-11-08 18:00:00,6419.99,11787.61658300
313,2018-11-09 18:00:00,6433.05,7714.82992600
314,2018-11-10 18:00:00,6449.81,8213.50711700
315,2018-11-11 18:00:00,6453.07,10132.78256700
316,2018-11-12 18:00:00,6457.66,11790.56493300
317,2018-11-13 18:00:00,5922.41,46478.96400300
318,2018-11-14 18:00:00,5753.4,47700.82940100
319,2018-11-15 18:00:00,5655.94,38721.80227400
320,2018-11-16 18:00:00,5628.29,26411.24141300
321,2018-11-17 18:00:00,5662.0,23844.99934700
322,2018-11-18 18:00:00,4910.03,70580.89285600
323,2018-11-19 18:00:00,4558.86,117380.95159000
324,2018-11-20 18:00:00,4661.07,61071.82947500
325,2018-11-21 18:00:00,4370.0,34531.11914300
326,2018-11-22 18:00:00,4420.61,49371.92032200
327,2018-11-23 18:00:00,3932.44,61693.11100600
328,2018-11-24 18:00:00,4085.78,101693.97558800
329,2018-11-25 18:00:00,3862.2,94503.75076700
330,2018-11-26 18:00:00,3875.21,67480.60721200
331,2018-11-27 18:00:00,4264.85,91983.56794900
332,2018-11-28 18:00:00,4295.84,73980.19866900
333,2018-11-29 18:00:00,4041.32,67758.44628300
334,2018-11-30 18:00:00,4190.02,44840.07348100
335,2018-12-01 18:00:00,4161.01,38912.15479000
336,2018-12-02 18:00:00,3884.01,49094.36916300
337,2018-12-03 18:00:00,3951.64,48489.55161300
338,2018-12-04 18:00:00,3769.84,44004.79944800
339,2018-12-05 18:00:00,3508.75,68378.79694300
340,2018-12-06 18:00:00,3403.55,95145.45744200
341,2018-12-07 18:00:00,3410.93,55365.94994900
342,2018-12-08 18:00:00,3545.37,45956.89329600
343,2018-12-09 18:00:00,3432.88,40989.24455300
344,2018-12-10 18:00:00,3380.39,35920.86415400
345,2018-12-11 18:00:00,3445.0,33922.93128600
346,2018-12-12 18:00:00,3302.06,40040.91701300
347,2018-12-13 18:00:00,3224.17,44492.98380700
348,2018-12-14 18:00:00,3211.72,29796.04143600
349,2018-12-15 18:00:00,3228.67,24628.80853800
350,2018-12-16 18:00:00,3509.08,66761.75169700
351,2018-12-17 18:00:00,3652.98,61369.61525700
352,2018-12-18 18:00:00,3662.22,94137.34101400
353,2018-12-19 18:00:00,4049.62,101543.83598600
354,2018-12-20 18:00:00,3838.66,82343.85011200
355,2018-12-21 18:00:00,3948.91,42822.35087200
356,2018-12-22 18:00:00,3929.71,40117.53152900
357,2018-12-23 18:00:00,4008.01,64647.80912900
358,2018-12-24 18:00:00,3745.79,62725.62943200
359,2018-12-25 18:00:00,3777.74,42629.37581700
360,2018-12-26 18:00:00,3567.91,44097.39291200
361,2018-12-27 18:00:00,3839.26,45964.30498700
362,2018-12-28 18:00:00,3695.32,38874.37390300
363,2018-12-29 18:00:00,3801.91,33222.36926200
364,2018-12-30 18:00:00,3702.9,29991.77835000
365,2018-12-31 18:00:00,3797.14,23741.68703300
366,2019-01-01 18:00:00,3858.56,35156.46336900
367,2019-01-02 18:00:00,3766.78,29406.94835900
368,2019-01-03 18:00:00,3792.01,29519.55467100
369,2019-01-04 18:00:00,3770.96,30490.66775100
370,2019-01-05 18:00:00,3987.6,36553.80670900
371,2019-01-06 18:00:00,3975.45,31869.84626400
372,2019-01-07 18:00:00,3955.13,38901.42312200
373,2019-01-08 18:00:00,3966.65,28989.43951100
374,2019-01-09 18:00:00,3585.88,59402.22851000
375,2019-01-10 18:00:00,3601.31,38338.65473300
376,2019-01-11 18:00:00,3583.13,21999.92835400
377,2019-01-12 18:00:00,3476.81,26385.75745400
378,2019-01-13 18:00:00,3626.09,35235.21121500
379,2019-01-14 18:00:00,3553.06,34137.99745900
380,2019-01-15 18:00:00,3591.84,27480.17997700
381,2019-01-16 18:00:00,3616.21,29755.44083800
382,2019-01-17 18:00:00,3594.87,22713.44675500
383,2019-01-18 18:00:00,3665.3,22171.57812300
384,2019-01-19 18:00:00,3539.28,27901.93859800
385,2019-01-20 18:00:00,3526.9,19644.43683900
386,2019-01-21 18:00:00,3570.93,29336.44296700
387,2019-01-22 18:00:00,3552.82,24938.84269800
388,2019-01-23 18:00:00,3569.62,20826.25118000
389,2019-01-24 18:00:00,3565.29,17608.34667100
390,2019-01-25 18:00:00,3565.25,19476.53234400
391,2019-01-26 18:00:00,3550.84,22735.59816200
392,2019-01-27 18:00:00,3434.15,40405.11140100
393,2019-01-28 18:00:00,3411.04,29544.92897700
394,2019-01-29 18:00:00,3458.18,23968.26024300
395,2019-01-30 18:00:00,3434.1,29607.19025300
396,2019-01-31 18:00:00,3462.07,25260.47615900
397,2019-02-01 18:00:00,3504.77,17920.80200000
398,2019-02-02 18:00:00,3458.11,19867.33639000
399,2019-02-03 18:00:00,3463.22,23131.98110800
400,2019-02-04 18:00:00,3471.59,25264.41503000
401,2019-02-05 18:00:00,3405.37,35310.24484600
402,2019-02-06 18:00:00,3398.4,18665.53863800
403,2019-02-07 18:00:00,3659.04,47968.05801300
404,2019-02-08 18:00:00,3665.18,24759.83371900
405,2019-02-09 18:00:00,3680.06,23250.60263400
406,2019-02-10 18:00:00,3631.05,24954.61457100
407,2019-02-11 18:00:00,3631.46,29479.59823000
408,2019-02-12 18:00:00,3609.4,25773.99764800
409,2019-02-13 18:00:00,3590.56,21753.50126100
410,2019-02-14 18:00:00,3602.47,20777.87289900
411,2019-02-15 18:00:00,3618.41,19565.99275100
412,2019-02-16 18:00:00,3667.58,25690.22777900
413,2019-02-17 18:00:00,3898.6,64042.73049200
414,2019-02-18 18:00:00,3907.79,50207.17266700
415,2019-02-19 18:00:00,3969.74,36205.14085000
416,2019-02-20 18:00:00,3937.31,31103.88472800
417,2019-02-21 18:00:00,3962.0,23943.16375000
418,2019-02-22 18:00:00,4117.76,33657.94288300
419,2019-02-23 18:00:00,3743.56,62224.18689000
420,2019-02-24 18:00:00,3827.92,38102.96624500
421,2019-02-25 18:00:00,3809.23,28838.74803600
422,2019-02-26 18:00:00,3818.07,31500.99546600
423,2019-02-27 18:00:00,3813.69,32561.96104400
424,2019-02-28 18:00:00,3823.0,23174.57217000
425,2019-03-01 18:00:00,3819.93,19445.83835500
426,2019-03-02 18:00:00,3807.75,16718.16541000
427,2019-03-03 18:00:00,3715.3,34742.84166000
428,2019-03-04 18:00:00,3857.73,32962.53616200
429,2019-03-05 18:00:00,3861.84,24775.11883000
430,2019-03-06 18:00:00,3873.64,26455.25766100
431,2019-03-07 18:00:00,3864.89,34730.36659200
432,2019-03-08 18:00:00,3943.04,30979.74765300
433,2019-03-09 18:00:00,3916.82,23187.56141200
434,2019-03-10 18:00:00,3871.61,38066.88570500
435,2019-03-11 18:00:00,3882.73,26921.00862200
436,2019-03-12 18:00:00,3866.0,24461.00875700
437,2019-03-13 18:00:00,3877.12,27048.74853000
438,2019-03-14 18:00:00,3923.76,21740.06149800
439,2019-03-15 18:00:00,4005.98,28568.37612400
440,2019-03-16 18:00:00,3981.14,18814.25557700
441,2019-03-17 18:00:00,3987.81,22454.47801000
442,2019-03-18 18:00:00,4015.53,19893.74181500
443,2019-03-19 18:00:00,4043.04,23432.30025500
444,2019-03-20 18:00:00,3980.64,35997.68211900
445,2019-03-21 18:00:00,3986.93,20022.60631800
446,2019-03-22 18:00:00,4006.01,17302.60431800
447,2019-03-23 18:00:00,3992.18,17179.85064800
448,2019-03-24 18:00:00,3936.12,33192.89021700
449,2019-03-25 18:00:00,3948.55,29349.53762700
450,2019-03-26 18:00:00,4038.05,32364.55585200
451,2019-03-27 18:00:00,4027.81,20089.29387500
452,2019-03-28 18:00:00,4103.25,30084.21744400
453,2019-03-29 18:00:00,4106.97,19509.29260100
454,2019-03-30 18:00:00,4103.95,13525.08743300
455,2019-03-31 18:00:00,4144.56,25507.06764100
456,2019-04-01 18:00:00,4857.29,105383.63926300
457,2019-04-02 18:00:00,4932.6,109890.12574300
458,2019-04-03 18:00:00,4898.66,61054.25416800
459,2019-04-04 18:00:00,5004.95,39768.55280600
460,2019-04-05 18:00:00,5043.89,41770.84231300
461,2019-04-06 18:00:00,5170.27,37615.48680400
462,2019-04-07 19:00:00,5236.9,50178.43078200
463,2019-04-08 19:00:00,5150.0,34067.01231100
464,2019-04-09 19:00:00,5308.25,40073.62047100
465,2019-04-10 19:00:00,5017.37,54696.60068600
466,2019-04-11 19:00:00,5048.01,33276.67861400
467,2019-04-12 19:00:00,5045.22,17292.45680200
468,2019-04-13 19:00:00,5131.3,18281.60773900
469,2019-04-14 19:00:00,5024.95,29057.19158100
470,2019-04-15 19:00:00,5173.72,24242.22949300
471,2019-04-16 19:00:00,5202.82,23307.53613400
472,2019-04-17 19:00:00,5258.44,22619.23900100
473,2019-04-18 19:00:00,5258.68,24611.23632300
474,2019-04-19 19:00:00,5291.73,19168.90827400
475,2019-04-20 19:00:00,5256.14,25549.57093900
476,2019-04-21 19:00:00,5357.14,29563.85230900
477,2019-04-22 19:00:00,5493.31,41262.10391700
478,2019-04-23 19:00:00,5415.0,48224.15241300
479,2019-04-24 19:00:00,5219.9,49636.08994800
480,2019-04-25 19:00:00,5314.1,48912.29451300
481,2019-04-26 19:00:00,5295.69,15422.89693500
482,2019-04-27 19:00:00,5307.52,14371.43386900
483,2019-04-28 19:00:00,5238.14,19918.13507900
484,2019-04-29 19:00:00,5320.81,22238.06823000
485,2019-04-30 19:00:00,5383.2,17217.47321600
486,2019-05-01 19:00:00,5492.87,22795.78783500
487,2019-05-02 19:00:00,5772.69,46297.17284900
488,2019-05-03 19:00:00,5829.45,39682.40899100
489,2019-05-04 19:00:00,5775.62,23822.54377500
490,2019-05-05 19:00:00,5747.79,25256.59632500
491,2019-05-06 19:00:00,5846.34,39905.06442200
492,2019-05-07 19:00:00,5987.29,23074.05152000
493,2019-05-08 19:00:00,6209.18,27453.01143600
494,2019-05-09 19:00:00,6373.33,36623.61079000
495,2019-05-10 19:00:00,7076.22,74022.42439300
496,2019-05-11 19:00:00,6967.31,86948.97533900
497,2019-05-12 19:00:00,7790.71,85804.73533300
498,2019-05-13 19:00:00,7947.56,76583.72260300
499,2019-05-14 19:00:00,8169.87,37884.32721100
500,2019-05-15 19:00:00,7866.59,69630.51399600
501,2019-05-16 19:00:00,7355.26,88752.00815900
502,2019-05-17 19:00:00,7257.45,37054.94477900
503,2019-05-18 19:00:00,8148.48,65577.44205800
504,2019-05-19 19:00:00,7938.15,65859.20856400
505,2019-05-20 19:00:00,7904.87,52301.75224700
506,2019-05-21 19:00:00,7628.43,49136.99458900
507,2019-05-22 19:00:00,7851.51,49648.18470100
508,2019-05-23 19:00:00,7964.87,46664.78532500
509,2019-05-24 19:00:00,8025.41,28414.32881700
510,2019-05-25 19:00:00,8614.43,49652.14456700
511,2019-05-26 19:00:00,8756.32,51886.76879300
512,2019-05-27 19:00:00,8715.64,31470.55153400
513,2019-05-28 19:00:00,8645.68,33880.86592200
514,2019-05-29 19:00:00,8269.54,70379.99852100
515,2019-05-30 19:00:00,8555.0,44727.49162000
516,2019-05-31 19:00:00,8544.07,31868.23415700
517,2019-06-01 19:00:00,8725.98,27835.13326500
518,2019-06-02 19:00:00,8115.82,45692.96510400
519,2019-06-03 19:00:00,7687.03,74143.94894100
520,2019-06-04 19:00:00,7776.5,48679.65645500
521,2019-06-05 19:00:00,7786.7,36624.11874700
522,2019-06-06 19:00:00,7980.53,33942.22565800
523,2019-06-07 19:00:00,7893.62,22657.32963400
524,2019-06-08 19:00:00,7628.13,31568.46515700
525,2019-06-09 19:00:00,7982.75,36756.07846800
526,2019-06-10 19:00:00,7884.9,30334.99942700
527,2019-06-11 19:00:00,8127.64,41597.08262200
528,2019-06-12 19:00:00,8218.54,30467.76434100
529,2019-06-13 19:00:00,8650.0,39835.24625500
530,2019-06-14 19:00:00,8808.7,31791.63603900
531,2019-06-15 19:00:00,8953.33,63289.25121900
532,2019-06-16 19:00:00,9313.96,47895.48537400
533,2019-06-17 19:00:00,9081.55,51554.56940100
534,2019-06-18 19:00:00,9255.49,32147.70649500
535,2019-06-19 19:00:00,9517.12,34556.05398200
536,2019-06-20 19:00:00,10159.86,50484.41589200
537,2019-06-21 19:00:00,10729.5,104169.44797600
538,2019-06-22 19:00:00,10906.07,57445.32394500
539,2019-06-23 19:00:00,11056.59,43101.04528500
540,2019-06-24 19:00:00,11820.86,61276.68664800
541,2019-06-25 19:00:00,13093.8,155930.14738600
542,2019-06-26 19:00:00,11329.99,173894.82088900
543,2019-06-27 19:00:00,12400.63,95795.20396400
544,2019-06-28 19:00:00,11903.13,69642.07415700
545,2019-06-29 19:00:00,10854.1,84512.53044300
546,2019-06-30 19:00:00,10624.93,90962.26827100
547,2019-07-01 19:00:00,10842.85,109561.03872800
548,2019-07-02 19:00:00,11940.0,96815.90029000
549,2019-07-03 19:00:00,11145.67,66512.22189200
550,2019-07-04 19:00:00,10970.73,63534.35058200
551,2019-07-05 19:00:00,11256.49,51469.49633100
552,2019-07-06 19:00:00,11406.24,38884.79559900
553,2019-07-07 19:00:00,12238.6,52182.36721500
554,2019-07-08 19:00:00,12543.41,78442.13034300
555,2019-07-09 19:00:00,12108.37,109246.04499700
556,2019-07-10 19:00:00,11342.89,87506.46105800
557,2019-07-11 19:00:00,11757.22,56321.85828100
558,2019-07-12 19:00:00,11355.76,54245.59454800
559,2019-07-13 19:00:00,10174.18,72517.57923600
560,2019-07-14 19:00:00,10838.72,81922.42633200
561,2019-07-15 19:00:00,9439.59,97219.44341300
562,2019-07-16 19:00:00,9667.92,84942.67271700
563,2019-07-17 19:00:00,10627.16,80283.31025200
564,2019-07-18 19:00:00,10504.29,56546.93213300
565,2019-07-19 19:00:00,10740.23,47331.89984800
566,2019-07-20 19:00:00,10589.45,38834.28793500
567,2019-07-21 19:00:00,10340.31,40467.95483900
568,2019-07-22 19:00:00,9864.91,47624.37071000
569,2019-07-23 19:00:00,9763.28,43475.38037700
570,2019-07-24 19:00:00,9879.87,37873.35472800
571,2019-07-25 19:00:00,9824.0,27167.46321700
572,2019-07-26 19:00:00,9476.52,43809.77830100
573,2019-07-27 19:00:00,9541.54,29401.02293700
574,2019-07-28 19:00:00,9507.64,29021.93741100
575,2019-07-29 19:00:00,9574.21,32536.36883400
576,2019-07-30 19:00:00,10080.53,39515.35456000
577,2019-07-31 19:00:00,10374.99,41727.63702800
578,2019-08-01 19:00:00,10523.75,42990.44422100
579,2019-08-02 19:00:00,10816.86,33802.31882400
580,2019-08-03 19:00:00,10929.23,39924.74514100
581,2019-08-04 19:00:00,11828.8,65153.67371300
582,2019-08-05 19:00:00,11481.69,76705.38987500
583,2019-08-06 19:00:00,11975.03,69173.39035300
584,2019-08-07 19:00:00,11999.77,51207.25717400
585,2019-08-08 19:00:00,11879.99,39427.15258800
586,2019-08-09 19:00:00,11309.31,42633.08704800
587,2019-08-10 19:00:00,11549.97,26772.90691000
588,2019-08-11 19:00:00,11396.08,17568.22707500
589,2019-08-12 19:00:00,10892.71,33234.72968000
590,2019-08-13 19:00:00,10050.37,54451.84749900
591,2019-08-14 19:00:00,10293.93,38174.45112000
592,2019-08-15 19:00:00,10331.54,51758.14291800
593,2019-08-16 19:00:00,10216.02,29000.58120100
594,2019-08-17 19:00:00,10306.78,24085.39517200
595,2019-08-18 19:00:00,10915.54,37243.31921700
596,2019-08-19 19:00:00,10760.51,32298.92167900
597,2019-08-20 19:00:00,10142.57,47355.71928200
598,2019-08-21 19:00:00,10099.88,34059.64273800
599,2019-08-22 19:00:00,10389.55,27550.33617300
600,2019-08-23 19:00:00,10134.35,27692.45684400
601,2019-08-24 19:00:00,10142.69,26271.65739800
602,2019-08-25 19:00:00,10372.25,41687.51159900
603,2019-08-26 19:00:00,10185.05,28402.77538300
604,2019-08-27 19:00:00,9721.0,42110.55537500
605,2019-08-28 19:00:00,9498.44,35532.69491000
606,2019-08-29 19:00:00,9584.54,26834.31810400
607,2019-08-30 19:00:00,9587.47,17130.29007400
608,2019-08-31 19:00:00,9724.98,19545.40484300
609,2019-09-01 19:00:00,10340.0,44740.24809300
610,2019-09-02 19:00:00,10615.28,47998.37678100
611,2019-09-03 19:00:00,10567.02,43943.88902600
612,2019-09-04 19:00:00,10564.49,33970.96063900
613,2019-09-05 19:00:00,10298.73,58799.64095900
614,2019-09-06 19:00:00,10455.88,27637.87739200
615,2019-09-07 19:00:00,10381.18,23984.67201800
616,2019-09-08 19:00:00,10303.12,39835.72760800
617,2019-09-09 19:00:00,10098.15,28915.41222500
618,2019-09-10 19:00:00,10158.33,31953.82456200
619,2019-09-11 19:00:00,10415.01,34511.16275500
620,2019-09-12 19:00:00,10342.06,30280.33977600
621,2019-09-13 19:00:00,10335.02,23621.53351900
622,2019-09-14 19:00:00,10302.01,18047.65401300
623,2019-09-15 19:00:00,10251.31,28971.40165700
624,2019-09-16 19:00:00,10187.82,22914.32456300
625,2019-09-17 19:00:00,10156.99,24250.24930300
626,2019-09-18 19:00:00,10244.29,44826.28257900
627,2019-09-19 19:00:00,10168.59,25088.49106900
628,2019-09-20 19:00:00,9986.39,20544.17519600
629,2019-09-21 19:00:00,10028.87,22049.27525600
630,2019-09-22 19:00:00,9702.25,31937.23235600
631,2019-09-23 19:00:00,8493.14,94007.34520300
632,2019-09-24 19:00:00,8430.05,60783.89225800
633,2019-09-25 19:00:00,8063.73,67930.85374900
634,2019-09-26 19:00:00,8177.91,43882.92462500
635,2019-09-27 19:00:00,8198.81,34473.60516500
636,2019-09-28 19:00:00,8043.82,31544.21138800
637,2019-09-29 19:00:00,8289.34,55865.48726000
638,2019-09-30 19:00:00,8292.44,43472.41809100
639,2019-10-01 19:00:00,8359.94,26243.38664400
640,2019-10-02 19:00:00,8223.96,30488.28405800
641,2019-10-03 19:00:00,8137.13,26476.33040400
642,2019-10-04 19:00:00,8126.19,21907.61556400
643,2019-10-05 19:00:00,7854.25,34676.10404900
644,2019-10-06 19:00:00,8190.09,52202.07229700
645,2019-10-07 19:00:00,8168.39,35452.65742300
646,2019-10-08 19:00:00,8560.74,55038.70437800
647,2019-10-09 19:00:00,8558.03,39137.94616700
648,2019-10-10 19:00:00,8258.5,50405.28441800
649,2019-10-11 19:00:00,8300.09,21339.33409800
650,2019-10-12 19:00:00,8275.01,27840.73995300
651,2019-10-13 19:00:00,8348.2,29810.66325300
652,2019-10-14 19:00:00,8159.29,32773.06247600
653,2019-10-15 19:00:00,7991.74,34733.59396600
654,2019-10-16 19:00:00,8070.58,29656.94915800
655,2019-10-17 19:00:00,7947.01,31353.18141600
656,2019-10-18 19:00:00,7948.01,26627.88938800
657,2019-10-19 19:00:00,8223.35,34286.45265400
658,2019-10-20 19:00:00,8197.27,30448.67953900
659,2019-10-21 19:00:00,8020.0,34651.82866300
660,2019-10-22 19:00:00,7466.62,63897.45709800
661,2019-10-23 19:00:00,7412.41,32714.38326500
662,2019-10-24 19:00:00,8655.02,90748.21817400
663,2019-10-25 19:00:00,9230.0,162588.58541300
664,2019-10-26 19:00:00,9529.93,93833.54160400
665,2019-10-27 18:00:00,9205.14,80174.21732300
666,2019-10-28 18:00:00,9407.62,64158.46244600
667,2019-10-29 18:00:00,9154.72,55241.78643400
668,2019-10-30 18:00:00,9140.85,54376.02490200
669,2019-10-31 18:00:00,9231.61,43594.81411500
670,2019-11-01 18:00:00,9289.52,28923.06082800
671,2019-11-02 18:00:00,9194.71,27894.37827900
672,2019-11-03 18:00:00,9393.35,45894.45627700
673,2019-11-04 18:00:00,9308.66,45935.87366500
674,2019-11-05 18:00:00,9339.05,37336.17037200
675,2019-11-06 18:00:00,9216.2,39117.47085300
676,2019-11-07 18:00:00,8773.73,62107.28924300
677,2019-11-08 18:00:00,8809.41,29469.48140500
678,2019-11-09 18:00:00,9039.47,34422.02979700
679,2019-11-10 18:00:00,8733.27,44888.05354500
680,2019-11-11 18:00:00,8821.94,40366.62947100
681,2019-11-12 18:00:00,8777.12,26810.11691800
682,2019-11-13 18:00:00,8646.68,33468.46896100
683,2019-11-14 18:00:00,8471.73,46087.41775100
684,2019-11-15 18:00:00,8491.02,20902.29975200
685,2019-11-16 18:00:00,8502.4,27009.03708200
686,2019-11-17 18:00:00,8187.17,43017.69094000
687,2019-11-18 18:00:00,8133.64,43556.06102500
688,2019-11-19 18:00:00,8098.01,32466.23098000
689,2019-11-20 18:00:00,7627.74,58418.78026100
690,2019-11-21 18:00:00,7268.23,126603.14025900
691,2019-11-22 18:00:00,7311.57,50449.89475500
692,2019-11-23 18:00:00,6903.28,67890.20648300
693,2019-11-24 18:00:00,7109.57,119645.73519700
694,2019-11-25 18:00:00,7156.14,65722.39769000
695,2019-11-26 18:00:00,7508.52,92452.87349000
696,2019-11-27 18:00:00,7419.49,56933.98110900
697,2019-11-28 18:00:00,7739.68,60745.30087300
698,2019-11-29 18:00:00,7541.89,46989.43361900
699,2019-11-30 18:00:00,7390.89,60769.34231300
700,2019-12-01 18:00:00,7294.28,46330.25604000
701,2019-12-02 18:00:00,7292.71,33149.47748700
702,2019-12-03 18:00:00,7194.32,83147.14914200
703,2019-12-04 18:00:00,7389.0,59306.67885500
704,2019-12-05 18:00:00,7527.47,48189.08794400
705,2019-12-06 18:00:00,7488.21,31498.68417300
706,2019-12-07 18:00:00,7510.11,29856.89763100
707,2019-12-08 18:00:00,7338.64,46621.88749300
708,2019-12-09 18:00:00,7224.13,49723.76214000
709,2019-12-10 18:00:00,7210.0,30093.09194400
710,2019-12-11 18:00:00,7198.08,42288.60093200
711,2019-12-12 18:00:00,7258.48,27609.87379500
712,2019-12-13 18:00:00,7064.05,29561.98596700
713,2019-12-14 18:00:00,7118.59,26395.77813700
714,2019-12-15 18:00:00,6891.72,43863.99305900
715,2019-12-16 18:00:00,6623.82,53865.06992900
716,2019-12-17 18:00:00,7277.83,95636.65125100
717,2019-12-18 18:00:00,7150.3,55509.04907500
718,2019-12-19 18:00:00,7187.83,32132.06920500
719,2019-12-20 18:00:00,7132.75,19467.17402800
720,2019-12-21 18:00:00,7501.44,39137.45515000
721,2019-12-22 18:00:00,7317.09,68051.99720300
722,2019-12-23 18:00:00,7255.77,43629.49418800
723,2019-12-24 18:00:00,7204.63,27492.04432300
724,2019-12-25 18:00:00,7202.0,36259.76107600
725,2019-12-26 18:00:00,7254.74,33642.70186100
726,2019-12-27 18:00:00,7316.14,26848.98219900
727,2019-12-28 18:00:00,7388.24,31387.10608500
728,2019-12-29 18:00:00,7246.0,29605.91178200
729,2019-12-30 18:00:00,7195.23,25954.45353300
730,2019-12-31 18:00:00,7200.85,16792.38816500
731,2020-01-01 18:00:00,6965.71,31951.48393200
732,2020-01-02 18:00:00,7344.96,68428.50045100
733,2020-01-03 18:00:00,7354.11,29987.97497700
734,2020-01-04 18:00:00,7358.75,38331.08560400
735,2020-01-05 18:00:00,7758.0,54635.69531600
736,2020-01-06 18:00:00,8145.28,91171.68466100
737,2020-01-07 18:00:00,8055.98,112622.64264000
738,2020-01-08 18:00:00,7817.76,64239.51983000
739,2020-01-09 18:00:00,8197.02,82406.77744800
740,2020-01-10 18:00:00,8020.01,54810.03266700
741,2020-01-11 18:00:00,8184.98,38131.49433600
742,2020-01-12 18:00:00,8110.34,31159.75568300
743,2020-01-13 18:00:00,8810.01,120399.12674200
744,2020-01-14 18:00:00,8821.41,84816.29760600
745,2020-01-15 18:00:00,8720.01,51991.07428400
746,2020-01-16 18:00:00,8913.28,70897.73737700
747,2020-01-17 18:00:00,8915.96,38294.74654500
748,2020-01-18 18:00:00,8701.7,70676.88925900
749,2020-01-19 18:00:00,8642.35,38896.63974600
750,2020-01-20 18:00:00,8736.03,36494.68765900
751,2020-01-21 18:00:00,8682.36,29080.55713800
752,2020-01-22 18:00:00,8404.52,48165.94459700
753,2020-01-23 18:00:00,8439.0,41687.52952900
754,2020-01-24 18:00:00,8340.58,25521.15793200
755,2020-01-25 18:00:00,8615.0,31130.48516400
756,2020-01-26 18:00:00,8907.57,53973.54299600
757,2020-01-27 18:00:00,9374.21,74584.85376500
758,2020-01-28 18:00:00,9301.53,53864.06512200
759,2020-01-29 18:00:00,9513.21,60626.74425900
760,2020-01-30 18:00:00,9352.89,45552.02235200
761,2020-01-31 18:00:00,9384.61,28578.06735400
762,2020-02-01 18:00:00,9331.51,45690.91254000
763,2020-02-02 18:00:00,9292.24,50892.13345100
764,2020-02-03 18:00:00,9197.02,53308.17526600
765,2020-02-04 18:00:00,9612.04,64870.41561500
766,2020-02-05 18:00:00,9772.0,64949.70658800
767,2020-02-06 18:00:00,9813.73,43966.11463200
768,2020-02-07 18:00:00,9895.05,43600.84366600
769,2020-02-08 18:00:00,10151.75,43408.47561600
770,2020-02-09 18:00:00,9851.83,59573.08461900
771,2020-02-10 18:00:00,10223.08,62422.39522400
772,2020-02-11 18:00:00,10326.46,61008.06393000
773,2020-02-12 18:00:00,10229.63,79344.35875900
774,2020-02-13 18:00:00,10344.36,47038.48017300
775,2020-02-14 18:00:00,9904.72,57657.20294700
776,2020-02-15 18:00:00,9917.27,60023.99953700
777,2020-02-16 18:00:00,9706.0,70261.01190100
778,2020-02-17 18:00:00,10164.71,70604.12401900
779,2020-02-18 18:00:00,9593.79,55162.58689500
780,2020-02-19 18:00:00,9596.42,60152.34291400
781,2020-02-20 18:00:00,9677.05,42181.55452400
782,2020-02-21 18:00:00,9650.86,24636.75762300
783,2020-02-22 18:00:00,9936.4,37702.08984300
784,2020-02-23 18:00:00,9656.13,55796.59612000
785,2020-02-24 18:00:00,9315.84,54379.34455200
786,2020-02-25 18:00:00,8785.25,92130.34548200
787,2020-02-26 18:00:00,8823.21,72483.57876200
788,2020-02-27 18:00:00,8692.91,71155.20897700
789,2020-02-28 18:00:00,8523.61,36748.18303500
790,2020-02-29 18:00:00,8531.88,43892.20177900
791,2020-03-01 18:00:00,8915.24,60401.31773000
792,2020-03-02 18:00:00,8760.07,55154.99728200
793,2020-03-03 18:00:00,8750.87,38696.48257800
794,2020-03-04 18:00:00,9054.68,58201.86635500
795,2020-03-05 18:00:00,9131.88,43782.94804400
796,2020-03-06 18:00:00,8886.66,45422.20452500
797,2020-03-07 18:00:00,8033.31,77537.31516600
798,2020-03-08 18:00:00,7929.87,116968.86326800
799,2020-03-09 18:00:00,7894.56,86783.44387500
800,2020-03-10 18:00:00,7934.52,79942.41117200
801,2020-03-11 18:00:00,4800.0,261505.60865300
802,2020-03-12 18:00:00,5578.6,402201.67376400
803,2020-03-13 18:00:00,5172.06,136910.13597400
804,2020-03-14 18:00:00,5361.3,139916.14653400
805,2020-03-15 18:00:00,5028.97,227276.92276000
806,2020-03-16 18:00:00,5312.64,150089.92631800
807,2020-03-17 18:00:00,5393.04,137127.63489400
808,2020-03-18 18:00:00,6162.37,199020.87343900
809,2020-03-19 18:00:00,6208.36,219298.32951400
810,2020-03-20 18:00:00,6186.98,128913.66836300
811,2020-03-21 18:00:00,5816.19,119115.99052700
812,2020-03-22 18:00:00,6467.31,164674.21578500
813,2020-03-23 18:00:00,6744.72,151138.00987800
814,2020-03-24 18:00:00,6677.43,132155.73498900
815,2020-03-25 18:00:00,6737.36,83026.55521100
816,2020-03-26 18:00:00,6359.11,82914.96835400
817,2020-03-27 18:00:00,6236.65,93159.69342900
818,2020-03-28 18:00:00,5881.42,63311.62771400
819,2020-03-29 18:00:00,6394.38,118889.54999200
820,2020-03-30 18:00:00,6410.44,72337.59525900
821,2020-03-31 18:00:00,6642.92,97500.75240000
822,2020-04-01 18:00:00,6794.09,149299.90687100
823,2020-04-02 18:00:00,6734.1,104080.27693900
824,2020-04-03 18:00:00,6856.99,72990.86113900
825,2020-04-04 18:00:00,6772.78,49685.35698300
826,2020-04-05 19:00:00,7329.9,118052.00083200
827,2020-04-06 19:00:00,7197.32,103585.16891800
828,2020-04-07 19:00:00,7361.28,76059.14583800
829,2020-04-08 19:00:00,7283.54,61094.87241700
830,2020-04-09 19:00:00,6858.92,104674.62337500
831,2020-04-10 19:00:00,6876.83,45470.29320600
832,2020-04-11 19:00:00,6903.79,73868.66650100
833,2020-04-12 19:00:00,6837.91,96415.47657300
834,2020-04-13 19:00:00,6868.7,69068.62328500
835,2020-04-14 19:00:00,6621.24,61571.38499400
836,2020-04-15 19:00:00,7101.94,125009.85753900
837,2020-04-16 19:00:00,7027.55,54126.50976300
838,2020-04-17 19:00:00,7248.6,49488.54281900
839,2020-04-18 19:00:00,7120.74,45664.86393000
840,2020-04-19 19:00:00,6826.83,90149.49137000
841,2020-04-20 19:00:00,6841.37,60109.71080800
842,2020-04-21 19:00:00,7125.14,61486.37733400
843,2020-04-22 19:00:00,7482.39,102773.56956100
844,2020-04-23 19:00:00,7505.0,60182.11993900
845,2020-04-24 19:00:00,7538.67,43874.42772600
846,2020-04-25 19:00:00,7693.1,50522.61620900
847,2020-04-26 19:00:00,7774.62,65441.33957600
848,2020-04-27 19:00:00,7738.98,46302.75263800
849,2020-04-28 19:00:00,8778.57,183546.88751400
850,2020-04-29 19:00:00,8620.0,206277.21412400
851,2020-04-30 19:00:00,8826.96,91468.81505900
852,2020-05-01 19:00:00,8972.05,59002.08755000
853,2020-05-02 19:00:00,8894.16,90126.06564300
854,2020-05-03 19:00:00,8871.96,84418.51233100
855,2020-05-04 19:00:00,9021.83,76480.76534200
856,2020-05-05 19:00:00,9142.92,105925.30242000
857,2020-05-06 19:00:00,9986.4,147154.61137800
858,2020-05-07 19:00:00,9800.01,100683.79640000
859,2020-05-08 19:00:00,9539.4,81950.67956700
860,2020-05-09 19:00:00,8722.77,183865.18202800
861,2020-05-10 19:00:00,8561.52,168807.25183200
862,2020-05-11 19:00:00,8810.79,86522.78006600
863,2020-05-12 19:00:00,9309.37,92466.27401800
864,2020-05-13 19:00:00,9791.98,129565.37747000
865,2020-05-14 19:00:00,9316.42,115890.76151600
866,2020-05-15 19:00:00,9381.27,59587.62786200
867,2020-05-16 19:00:00,9680.04,68647.76432300
868,2020-05-17 19:00:00,9733.93,82006.60358300
869,2020-05-18 19:00:00,9775.53,78539.76045400
870,2020-05-19 19:00:00,9511.43,74923.73809000
871,2020-05-20 19:00:00,9068.65,108928.78096900
872,2020-05-21 19:00:00,9170.0,58943.13102400
873,2020-05-22 19:00:00,9179.15,43526.29696600
874,2020-05-23 19:00:00,8720.34,70379.86645000
875,2020-05-24 19:00:00,8900.35,62833.91094900
876,2020-05-25 19:00:00,8841.18,58299.77013800
877,2020-05-26 19:00:00,9204.07,68910.35551400
878,2020-05-27 19:00:00,9575.89,74110.78766200
879,2020-05-28 19:00:00,9427.07,57374.36296100
880,2020-05-29 19:00:00,9697.72,55665.27254000
881,2020-05-30 19:00:00,9448.27,48333.78640300
882,2020-05-31 19:00:00,10200.77,76649.12696000
883,2020-06-01 19:00:00,9518.04,108970.77315100
884,2020-06-02 19:00:00,9666.24,46252.64493900
885,2020-06-03 19:00:00,9789.06,57456.10096900
886,2020-06-04 19:00:00,9621.16,47788.05005000
887,2020-06-05 19:00:00,9666.3,32752.95089300
888,2020-06-06 19:00:00,9746.99,57952.84838500
889,2020-06-07 19:00:00,9782.01,40664.66412500
890,2020-06-08 19:00:00,9772.43,46024.00128900
891,2020-06-09 19:00:00,9885.0,47130.76298200
892,2020-06-10 19:00:00,9280.4,94418.98473000
893,2020-06-11 19:00:00,9465.13,50119.06693200
894,2020-06-12 19:00:00,9473.34,27759.78485100
895,2020-06-13 19:00:00,9342.1,30055.50660800
896,2020-06-14 19:00:00,9426.02,86107.92470700
897,2020-06-15 19:00:00,9525.59,52052.44692700
898,2020-06-16 19:00:00,9465.14,48046.41115200
899,2020-06-17 19:00:00,9386.32,37381.95376500
900,2020-06-18 19:00:00,9310.23,45330.98367300
901,2020-06-19 19:00:00,9358.95,30329.06538400
902,2020-06-20 19:00:00,9294.69,24316.92623400
903,2020-06-21 19:00:00,9685.69,57895.46834300
904,2020-06-22 19:00:00,9624.89,41031.02938000
905,2020-06-23 19:00:00,9296.49,61571.56146400
906,2020-06-24 19:00:00,9249.49,55831.61915600
907,2020-06-25 19:00:00,9162.21,50292.29827700
908,2020-06-26 19:00:00,9012.0,46290.93011300
909,2020-06-27 19:00:00,9116.35,30688.17642100
910,2020-06-28 19:00:00,9192.56,42120.29326100
911,2020-06-29 19:00:00,9138.55,31463.16280100
912,2020-06-30 19:00:00,9232.0,38488.52869900
913,2020-07-01 19:00:00,9086.54,45725.16807600
914,2020-07-02 19:00:00,9058.26,28943.42017700
915,2020-07-03 19:00:00,9135.46,26441.96848400
916,2020-07-04 19:00:00,9069.41,34073.65362700
917,2020-07-05 19:00:00,9344.2,54463.13227700
918,2020-07-06 19:00:00,9257.39,34587.33667800
919,2020-07-07 19:00:00,9436.06,56140.51778100
920,2020-07-08 19:00:00,9232.43,48044.45064500
921,2020-07-09 19:00:00,9288.34,38295.49400600
922,2020-07-10 19:00:00,9234.03,22561.36600000
923,2020-07-11 19:00:00,9302.75,30872.70228600
924,2020-07-12 19:00:00,9242.62,42740.06911500
925,2020-07-13 19:00:00,9255.85,45772.55250900
926,2020-07-14 19:00:00,9197.6,39053.57966500
927,2020-07-15 19:00:00,9133.72,43375.57119100
928,2020-07-16 19:00:00,9154.32,28054.35874100
929,2020-07-17 19:00:00,9170.28,22554.54145700
930,2020-07-18 19:00:00,9208.99,26052.01941700
931,2020-07-19 19:00:00,9160.78,35458.76408200
932,2020-07-20 19:00:00,9390.0,60413.58248600
933,2020-07-21 19:00:00,9518.16,48815.00410700
934,2020-07-22 19:00:00,9603.27,51856.23350000
935,2020-07-23 19:00:00,9537.8,43931.13620500
936,2020-07-24 19:00:00,9700.42,40679.54541600
937,2020-07-25 19:00:00,9931.54,65279.26931900
938,2020-07-26 19:00:00,11029.96,150188.93314400
939,2020-07-27 19:00:00,10906.27,97267.73418700
940,2020-07-28 19:00:00,11100.53,76838.09423300
941,2020-07-29 19:00:00,11099.61,60794.82645600
942,2020-07-30 19:00:00,11335.46,70063.66097400
943,2020-07-31 19:00:00,11801.17,85087.48512600
944,2020-08-01 19:00:00,11071.35,97553.07760400
945,2020-08-02 19:00:00,11219.81,56931.84147500
946,2020-08-03 19:00:00,11191.97,58629.11370900
947,2020-08-04 19:00:00,11744.91,74970.25685200
948,2020-08-05 19:00:00,11762.46,63529.08502000
949,2020-08-06 19:00:00,11594.23,65755.92602200
950,2020-08-07 19:00:00,11761.41,41858.16104000
951,2020-08-08 19:00:00,11681.68,41493.06734200
952,2020-08-09 19:00:00,11892.92,84952.33788700
953,2020-08-10 19:00:00,11392.08,90748.28463400
954,2020-08-11 19:00:00,11564.33,64909.61364400
955,2020-08-12 19:00:00,11780.0,70132.49150200
956,2020-08-13 19:00:00,11760.54,59818.85269700
957,2020-08-14 19:00:00,11852.4,56237.90505000
958,2020-08-15 19:00:00,11911.0,41368.23690600
959,2020-08-16 19:00:00,12281.13,84734.21154000
960,2020-08-17 19:00:00,11945.01,75923.83552700
961,2020-08-18 19:00:00,11754.59,73940.16960600
962,2020-08-19 19:00:00,11853.55,46085.25435100
963,2020-08-20 19:00:00,11531.34,64448.30614200
964,2020-08-21 19:00:00,11662.96,43678.70164600
965,2020-08-22 19:00:00,11648.13,37900.00469000
966,2020-08-23 19:00:00,11748.2,46212.39186700
967,2020-08-24 19:00:00,11318.42,69590.92327200
968,2020-08-25 19:00:00,11461.43,53998.23123100
969,2020-08-26 19:00:00,11330.38,63246.03638300
970,2020-08-27 19:00:00,11526.91,45953.90836500
971,2020-08-28 19:00:00,11465.84,32973.79920000
972,2020-08-29 19:00:00,11711.16,43177.87905400
973,2020-08-30 19:00:00,11649.51,55353.61774400
974,2020-08-31 19:00:00,11921.97,78148.19366800
975,2020-09-01 19:00:00,11388.54,87221.84560200
976,2020-09-02 19:00:00,10140.85,121950.10601500
977,2020-09-03 19:00:00,10446.25,92733.59911300
978,2020-09-04 19:00:00,10166.69,90001.60556800
979,2020-09-05 19:00:00,10256.2,56368.78881500
980,2020-09-06 19:00:00,10373.44,62620.23067600
981,2020-09-07 19:00:00,10126.65,73491.87841800
982,2020-09-08 19:00:00,10219.2,49347.11377600
983,2020-09-09 19:00:00,10336.87,58253.75375000
984,2020-09-10 19:00:00,10387.89,43830.25446700
985,2020-09-11 19:00:00,10440.92,35379.15309600
986,2020-09-12 19:00:00,10332.83,43837.60986500
987,2020-09-13 19:00:00,10671.77,67059.29136100
988,2020-09-14 19:00:00,10785.31,61822.45278600
989,2020-09-15 19:00:00,10954.01,64991.51244000
990,2020-09-16 19:00:00,10939.99,55601.61452900
991,2020-09-17 19:00:00,10933.39,47266.72827500
992,2020-09-18 19:00:00,11080.65,38440.03685800
993,2020-09-19 19:00:00,10920.28,39157.92256500
994,2020-09-20 19:00:00,10417.22,70683.43117900
995,2020-09-21 19:00:00,10529.61,43991.23547600
996,2020-09-22 19:00:00,10241.46,51876.56807900
997,2020-09-23 19:00:00,10736.32,57676.61942700
998,2020-09-24 19:00:00,10686.67,48101.11700800
999,2020-09-25 19:00:00,10728.6,28420.83665900
1000,2020-09-26 19:00:00,10774.25,30549.48325300
1001,2020-09-27 19:00:00,10696.12,50095.25173400
1002,2020-09-28 19:00:00,10840.48,41874.89839900
1003,2020-09-29 19:00:00,10776.59,39596.02732200
1004,2020-09-30 19:00:00,10619.13,60866.33289300
1005,2020-10-01 19:00:00,10570.4,50130.39370500
1006,2020-10-02 19:00:00,10542.06,22298.22134100
1007,2020-10-03 19:00:00,10666.63,23212.00159500
1008,2020-10-04 19:00:00,10792.21,34025.76165300
1009,2020-10-05 19:00:00,10599.66,48674.74047100
1010,2020-10-06 19:00:00,10666.39,32811.99027900
1011,2020-10-07 19:00:00,10925.57,51959.69157200
1012,2020-10-08 19:00:00,11050.64,48240.07323700
1013,2020-10-09 19:00:00,11293.22,43648.03694300
1014,2020-10-10 19:00:00,11369.02,29043.85133900
1015,2020-10-11 19:00:00,11528.25,52825.28371000
1016,2020-10-12 19:00:00,11420.56,42205.28370900
1017,2020-10-13 19:00:00,11417.89,41415.10601500
1018,2020-10-14 19:00:00,11505.12,48760.71767900
1019,2020-10-15 19:00:00,11319.32,48797.74950200
1020,2020-10-16 19:00:00,11360.2,22368.91524100
1021,2020-10-17 19:00:00,11503.14,23284.04119100
1022,2020-10-18 19:00:00,11751.47,47414.53469200
1023,2020-10-19 19:00:00,11909.99,62134.75066300
1024,2020-10-20 19:00:00,12780.96,114584.45676700
1025,2020-10-21 19:00:00,12968.52,70038.82414400
1026,2020-10-22 19:00:00,12923.07,50386.99984100
1027,2020-10-23 19:00:00,13111.73,35952.20907000
1028,2020-10-24 19:00:00,13028.83,38481.57950400
1029,2020-10-25 18:00:00,13052.19,60951.67298600
1030,2020-10-26 18:00:00,13636.17,80796.55399600
1031,2020-10-27 18:00:00,13266.4,94440.56122600
1032,2020-10-28 18:00:00,13455.7,74872.60213200
1033,2020-10-29 18:00:00,13560.1,70657.77888100
1034,2020-10-30 18:00:00,13791.0,67339.23851500
1035,2020-10-31 18:00:00,13761.5,36285.64852600
1036,2020-11-01 18:00:00,13549.37,64566.42190800
1037,2020-11-02 18:00:00,14023.53,74115.63078700
1038,2020-11-03 18:00:00,14144.01,93016.98826200
1039,2020-11-04 18:00:00,15590.02,143741.52267300
1040,2020-11-05 18:00:00,15579.92,122618.19769500
1041,2020-11-06 18:00:00,14818.3,101431.20655300
1042,2020-11-07 18:00:00,15475.1,65547.17857400
1043,2020-11-08 18:00:00,15328.41,108976.33413400
1044,2020-11-09 18:00:00,15297.21,61681.91960600
1045,2020-11-10 18:00:00,15684.24,78469.74645800
1046,2020-11-11 18:00:00,16291.86,102196.35659200
1047,2020-11-12 18:00:00,16320.7,75691.88101400
1048,2020-11-13 18:00:00,16070.45,59116.34717900
1049,2020-11-14 18:00:00,15957.0,43596.84151300
1050,2020-11-15 18:00:00,16713.57,81300.67592400
1051,2020-11-16 18:00:00,17659.38,115221.40310200
1052,2020-11-17 18:00:00,17776.12,149019.78813400
1053,2020-11-18 18:00:00,17802.82,93009.56100800
1054,2020-11-19 18:00:00,18655.67,88423.01848900
1055,2020-11-20 18:00:00,18703.8,75577.45839400
1056,2020-11-21 18:00:00,18414.43,81645.73777800
1057,2020-11-22 18:00:00,18368.0,82961.50609300
1058,2020-11-23 18:00:00,19160.01,113581.50924100
1059,2020-11-24 18:00:00,18719.11,93266.57688700
1060,2020-11-25 18:00:00,17149.47,181005.24669300
1061,2020-11-26 18:00:00,17139.52,85297.02478700
1062,2020-11-27 18:00:00,17719.85,64910.69997000
1063,2020-11-28 18:00:00,18184.99,55329.01630300
1064,2020-11-29 18:00:00,19695.87,115463.46688800
1065,2020-11-30 18:00:00,18764.96,127698.76265200
1066,2020-12-01 18:00:00,19204.09,75911.01347800
1067,2020-12-02 18:00:00,19421.9,66689.39127900
1068,2020-12-03 18:00:00,18650.52,71283.66820000
1069,2020-12-04 18:00:00,19147.66,42922.74857300
1070,2020-12-05 18:00:00,19359.4,37043.09186100
1071,2020-12-06 18:00:00,19166.9,41372.29629300
1072,2020-12-07 18:00:00,18324.11,61626.94761400
1073,2020-12-08 18:00:00,18541.28,79585.55380100
1074,2020-12-09 18:00:00,18254.63,52890.67509400
1075,2020-12-10 18:00:00,18036.53,72610.72425900
1076,2020-12-11 18:00:00,18808.69,49519.97843200
1077,2020-12-12 18:00:00,19174.99,56560.82174400
1078,2020-12-13 18:00:00,19273.14,47257.20129400
1079,2020-12-14 18:00:00,19426.43,61834.36601100
1080,2020-12-15 18:00:00,21335.52,114306.33557000
1081,2020-12-16 18:00:00,22797.16,184882.47674800
1082,2020-12-17 18:00:00,23107.39,79646.13431500
1083,2020-12-18 18:00:00,23821.61,86045.06467700
1084,2020-12-19 18:00:00,23455.52,76690.14568500
1085,2020-12-20 18:00:00,22719.71,88030.29724300
1086,2020-12-21 18:00:00,23810.79,87033.12616000
1087,2020-12-22 18:00:00,23232.76,119047.25973300
1088,2020-12-23 18:00:00,23729.2,69013.83425200
1089,2020-12-24 18:00:00,24712.47,79519.94356900
1090,2020-12-25 18:00:00,26493.39,97806.51338600
1091,2020-12-26 18:00:00,26281.66,148455.58621400
1092,2020-12-27 18:00:00,27079.41,79721.74249600
1093,2020-12-28 18:00:00,27385.0,69411.59260600
1094,2020-12-29 18:00:00,28875.54,95356.05782600
1095,2020-12-30 18:00:00,28923.63,75508.50515200
1096,2020-12-31 18:00:00,29331.69,54182.92501100
1097,2021-01-01 18:00:00,32178.33,129993.87336200
1098,2021-01-02 18:00:00,33000.05,120957.56675000
1099,2021-01-03 18:00:00,31988.71,140899.88569000
1100,2021-01-04 18:00:00,33949.53,116049.99703800
1101,2021-01-05 18:00:00,36769.36,127139.20131000
1102,2021-01-06 18:00:00,39432.28,132825.70043700
1103,2021-01-07 18:00:00,40582.81,139789.95749900
1104,2021-01-08 18:00:00,40088.22,75785.97967500
1105,2021-01-09 18:00:00,38150.02,118209.54450300
1106,2021-01-10 18:00:00,35404.47,249131.53994300
1107,2021-01-11 18:00:00,34051.24,133948.15199600
1108,2021-01-12 18:00:00,37371.38,124477.91493800
1109,2021-01-13 18:00:00,39144.5,102950.38942100
1110,2021-01-14 18:00:00,36742.22,118300.92091600
1111,2021-01-15 18:00:00,35994.98,86348.43150800
1112,2021-01-16 18:00:00,35828.61,80157.72738400
1113,2021-01-17 18:00:00,36631.27,70698.11875000
1114,2021-01-18 18:00:00,35891.49,79611.30776900
1115,2021-01-19 18:00:00,35468.23,89368.42291800
1116,2021-01-20 18:00:00,30850.13,131803.18292600
1117,2021-01-21 18:00:00,32945.17,142971.68404900
1118,2021-01-22 18:00:00,32078.0,64595.28767500
1119,2021-01-23 18:00:00,32259.9,57978.03796600
1120,2021-01-24 18:00:00,32254.2,88499.22692100
1121,2021-01-25 18:00:00,32467.77,84972.20691000
1122,2021-01-26 18:00:00,30366.15,95911.96171100
1123,2021-01-27 18:00:00,33364.86,92621.14561700
1124,2021-01-28 18:00:00,34252.2,231827.00562600
1125,2021-01-29 18:00:00,34262.88,84889.68134000
1126,2021-01-30 18:00:00,33092.98,68742.28038400
1127,2021-01-31 18:00:00,33526.37,82718.27688200
1128,2021-02-01 18:00:00,35466.24,78056.65988000
1129,2021-02-02 18:00:00,37618.87,80784.33366300
1130,2021-02-03 18:00:00,36936.66,92080.73589800
1131,2021-02-04 18:00:00,38290.24,66681.33427500
1132,2021-02-05 18:00:00,39186.94,98757.31118300
1133,2021-02-06 18:00:00,38795.69,84363.67976300
1134,2021-02-07 18:00:00,46374.87,138597.53691400
1135,2021-02-08 18:00:00,46420.42,115499.86171200
1136,2021-02-09 18:00:00,44807.58,97154.18220000
1137,2021-02-10 18:00:00,47969.51,89561.08145400
1138,2021-02-11 18:00:00,47287.6,85870.03569700
1139,2021-02-12 18:00:00,47153.69,63768.09739900
1140,2021-02-13 18:00:00,48577.79,73735.47553300
1141,2021-02-14 18:00:00,47911.1,79398.15678400
1142,2021-02-15 18:00:00,49133.45,88813.26629800
1143,2021-02-16 18:00:00,52119.71,85743.63781800
1144,2021-02-17 18:00:00,51552.6,60758.04695400
1145,2021-02-18 18:00:00,55906.0,79659.77802000
1146,2021-02-19 18:00:00,55841.19,80948.20531400
1147,2021-02-20 18:00:00,57408.57,58166.70851100
1148,2021-02-21 18:00:00,54087.67,134019.43494400
1149,2021-02-22 18:00:00,48891.0,169375.02505100
1150,2021-02-23 18:00:00,49676.2,91881.20925200
1151,2021-02-24 18:00:00,47073.73,83310.67312100
1152,2021-02-25 18:00:00,46276.87,109423.20066300
1153,2021-02-26 18:00:00,46106.43,66060.83429200
1154,2021-02-27 18:00:00,45135.66,83055.36904200
1155,2021-02-28 18:00:00,49587.03,85086.11164800
1156,2021-03-01 18:00:00,48440.65,64221.06214000
1157,2021-03-02 18:00:00,50349.37,81035.91370500
1158,2021-03-03 18:00:00,48374.09,82649.71682900
1159,2021-03-04 18:00:00,48751.71,78192.49637200
1160,2021-03-05 18:00:00,48882.2,44399.23424200
1161,2021-03-06 18:00:00,50971.75,55235.02803200
1162,2021-03-07 18:00:00,52375.17,66987.35966400
1163,2021-03-08 18:00:00,54884.5,71656.73707600
1164,2021-03-09 18:00:00,55851.59,84749.23894300
1165,2021-03-10 18:00:00,57773.16,81914.81285900
1166,2021-03-11 18:00:00,57221.72,73405.40604700
1167,2021-03-12 18:00:00,61188.39,83245.09134600
1168,2021-03-13 18:00:00,58968.31,52601.05275000
1169,2021-03-14 18:00:00,55605.2,102771.42729800
1170,2021-03-15 18:00:00,56900.75,77986.69435500
1171,2021-03-16 18:00:00,58912.97,70421.62084100
1172,2021-03-17 18:00:00,57648.16,66580.40667500
1173,2021-03-18 18:00:00,58030.01,52392.65296100
1174,2021-03-19 18:00:00,58102.28,44476.94177600
1175,2021-03-20 18:00:00,57351.56,48564.47027400
1176,2021-03-21 18:00:00,54083.25,62581.62616900
1177,2021-03-22 18:00:00,54340.89,59789.36542700
1178,2021-03-23 18:00:00,52303.65,83537.46502100
1179,2021-03-24 18:00:00,51293.78,87400.53453800
1180,2021-03-25 18:00:00,55025.59,63813.77469200
1181,2021-03-26 18:00:00,55817.14,50105.47505500
1182,2021-03-27 18:00:00,55777.63,39050.38751100
1183,2021-03-28 18:00:00,57635.47,67857.93739800
1184,2021-03-29 18:00:00,58746.57,55122.44312200
1185,2021-03-30 18:00:00,58740.55,60975.54266600
1186,2021-03-31 18:00:00,58720.44,47415.61722000
1187,2021-04-01 18:00:00,58950.01,47382.41878100
1188,2021-04-02 18:00:00,57051.94,47409.85211300
1189,2021-04-03 18:00:00,58202.01,41314.08197300
1190,2021-04-04 19:00:00,59129.99,54258.01579000
1191,2021-04-05 19:00:00,57991.15,54201.00072700
1192,2021-04-06 19:00:00,55953.45,71228.40565900
1193,2021-04-07 19:00:00,58077.52,44283.14701900
1194,2021-04-08 19:00:00,58142.54,40831.88491100
1195,2021-04-09 19:00:00,59769.13,69906.42411700
1196,2021-04-10 19:00:00,60002.43,41156.71539100
1197,2021-04-11 19:00:00,59860.0,56375.03711700
1198,2021-04-12 19:00:00,63575.0,82848.68874600
1199,2021-04-13 19:00:00,62959.53,82616.34399300
1200,2021-04-14 19:00:00,63159.98,51649.70034000
1201,2021-04-15 19:00:00,61334.8,91764.13988400
1202,2021-04-16 19:00:00,60006.66,58912.25612800
1203,2021-04-17 19:00:00,56150.01,124882.13182400
1204,2021-04-18 19:00:00,55633.14,78229.04226700
1205,2021-04-19 19:00:00,56425.0,72744.48215100
1206,2021-04-20 19:00:00,53787.63,66984.75690900
1207,2021-04-21 19:00:00,51690.96,104656.63133700
1208,2021-04-22 19:00:00,51125.14,132230.78071900
1209,2021-04-23 19:00:00,50047.84,55361.51257300
1210,2021-04-24 19:00:00,49066.77,58255.64500400
1211,2021-04-25 19:00:00,54001.39,86310.80212400
1212,2021-04-26 19:00:00,55011.97,54064.03467500
1213,2021-04-27 19:00:00,54846.22,55130.45901500
1214,2021-04-28 19:00:00,53555.0,52486.01945500
1215,2021-04-29 19:00:00,57694.27,68578.91004500
1216,2021-04-30 19:00:00,57800.37,42600.35183600
1217,2021-05-01 19:00:00,56578.21,36812.87886300
1218,2021-05-02 19:00:00,57169.39,57649.93128600
1219,2021-05-03 19:00:00,53200.01,85324.62590300
1220,2021-05-04 19:00:00,57436.11,77263.92343900
1221,2021-05-05 19:00:00,56393.68,70181.67190800
1222,2021-05-06 19:00:00,57314.75,74542.74782900
1223,2021-05-07 19:00:00,58862.05,69709.90602800
1224,2021-05-08 19:00:00,58240.84,69806.11991000
1225,2021-05-09 19:00:00,55816.14,89586.34925000
1226,2021-05-10 19:00:00,56670.02,64329.54055000
1227,2021-05-11 19:00:00,49631.32,99842.78983600
1228,2021-05-12 19:00:00,49670.97,147332.00212100
1229,2021-05-13 19:00:00,49841.45,80082.20430600
1230,2021-05-14 19:00:00,46762.99,89437.44935900
1231,2021-05-15 19:00:00,46431.5,114269.81277500
1232,2021-05-16 19:00:00,43538.04,166657.17273600
1233,2021-05-17 19:00:00,42849.78,116979.86078400
1234,2021-05-18 19:00:00,36690.09,354347.24316100
1235,2021-05-19 19:00:00,40526.64,203017.59692300
1236,2021-05-20 19:00:00,37252.01,202100.88825800
1237,2021-05-21 19:00:00,37449.73,126542.24368900
1238,2021-05-22 19:00:00,34655.25,217136.04659300
1239,2021-05-23 19:00:00,38796.29,161630.89397100
1240,2021-05-24 19:00:00,38324.72,111996.22840400
1241,2021-05-25 19:00:00,39241.91,104780.77339600
1242,2021-05-26 19:00:00,38529.98,86547.15879400
1243,2021-05-27 19:00:00,35663.49,135377.62972000
1244,2021-05-28 19:00:00,34605.15,112663.09268900
1245,2021-05-29 19:00:00,35641.27,73535.38696700
1246,2021-05-30 19:00:00,37253.81,94160.73528900
1247,2021-05-31 19:00:00,36693.09,81234.66377000
