day,sentiment_mean,sentiment_amin,sentiment_amax
2017-12-31,-0.030400000000000003,-0.4404,0.5106
2018-01-01,-0.15339166666666668,-0.5423,0.1531
2018-01-02,-0.11503461538461537,-0.7501,0.4019
2018-01-03,0.06728333333333332,-0.5423,0.5859
2018-01-04,0.01455312499999999,-0.8425,0.6249
2018-01-05,0.14331818181818182,0.0,0.6249
2018-01-06,-0.18973750000000003,-0.5267,0.1779
2018-01-07,-0.1508375,-0.5267,0.0
2018-01-08,0.05491923076923077,-0.8225,0.7906
2018-01-09,-0.0841025,-0.8214,0.836
2018-01-10,-0.07352954545454546,-0.8827,0.7919
2018-01-11,-0.04880270270270269,-0.7096,0.4404
2018-01-12,-0.09366216216216217,-0.5994,0.4404
2018-01-13,-0.14691111111111108,-0.743,0.6369
2018-01-14,-0.06771363636363638,-0.5267,0.3182
2018-01-15,-0.057006249999999994,-0.4728,0.6705
2018-01-16,-0.040601666666666675,-0.7391,0.5719
2018-01-17,-0.01120379746835443,-0.7506,0.743
2018-01-18,0.10154848484848485,-0.228,0.5719
2018-01-19,-0.04760833333333333,-0.6946,0.5106
2018-01-20,-0.038681249999999986,-0.5267,0.3182
2018-01-21,-0.07637,-0.5859,0.4215
2018-01-22,0.05775000000000002,-0.743,0.6369
2018-01-23,0.012189285714285713,-0.8442,0.6652
2018-01-24,-0.016362500000000002,-0.5106,0.34
2018-01-25,0.13600333333333336,-0.443,0.6597
2018-01-26,0.0027631578947368432,-0.5023,0.6369
2018-01-27,-0.003193749999999996,-0.4019,0.34
2018-01-28,0.008810000000000004,-0.4019,0.5484
2018-01-29,0.023016000000000002,-0.4404,0.4215
2018-01-30,0.05883255813953489,-0.7096,0.3818
2018-01-31,-0.04456363636363637,-0.7269,0.4927
2018-02-01,-0.02884807692307691,-0.802,0.6808
2018-02-02,-0.06005000000000001,-0.6486,0.3818
2018-02-03,-0.1190909090909091,-0.3818,0.0
2018-02-04,-0.056799999999999996,-0.3818,0.2732
2018-02-05,-0.012838000000000007,-0.6369,0.8126
2018-02-06,-0.07092093023255816,-0.6486,0.8625
2018-02-07,0.06912599999999999,-0.5994,0.7506
2018-02-08,-0.07919210526315788,-0.6908,0.6808
2018-02-09,0.11841428571428571,-0.4767,0.8555
2018-02-10,-0.007348000000000021,-0.5994,0.5106
2018-02-11,-0.02026666666666667,-0.4497,0.8402
2018-02-12,0.030450000000000005,-0.6523,0.5859
2018-02-13,0.06485294117647059,-0.296,0.3612
2018-02-14,-0.11669615384615385,-0.7506,0.8402
2018-02-15,-0.030111428571428574,-0.6705,0.6486
2018-02-16,0.0054705882352941194,-0.4767,0.4215
2018-02-17,0.022483333333333327,-0.5996,0.4939
2018-02-18,0.010316666666666667,-0.5996,0.4927
2018-02-19,-0.30979333333333336,-0.875,0.4101
2018-02-20,-0.020357894736842106,-0.5267,0.4939
2018-02-21,0.053619230769230766,-0.6369,0.5267
2018-02-22,0.04043333333333333,-0.8567,0.6369
2018-02-23,0.18478620689655176,-0.6124,0.5719
2018-02-24,0.18070526315789473,-0.6231,0.4215
2018-02-25,0.126325,-0.5106,0.6369
2018-02-26,0.054707692307692304,-0.6124,0.3818
2018-02-27,0.022858620689655173,-0.7906,0.4404
2018-02-28,0.03499428571428571,-0.8316,0.6369
2018-03-01,-0.060828571428571426,-0.7906,0.807
2018-03-02,0.1277315789473684,-0.8555,0.6705
2018-03-03,0.04146428571428572,-0.7906,0.4767
2018-03-04,0.06220952380952382,-0.7906,0.5927
2018-03-05,-0.021961538461538463,-0.7906,0.4215
2018-03-06,0.013657692307692306,-0.7906,0.5267
2018-03-07,0.025962068965517247,-0.5859,0.7579
2018-03-08,0.022362962962962966,-0.7184,0.5267
2018-03-09,-0.1788814814814815,-0.7906,0.4404
2018-03-10,0.03603333333333334,-0.6808,0.4101
2018-03-11,0.07882666666666667,-0.5256,0.6249
2018-03-12,0.007287878787878784,-0.6166,0.6623
2018-03-13,0.17344583333333338,-0.3818,0.8126
2018-03-14,-0.035617647058823525,-0.5574,0.8074
2018-03-15,0.03054999999999999,-0.7189,0.5994
2018-03-16,-0.13846923076923076,-0.7845,0.5719
2018-03-17,-0.034109090909090915,-0.6705,0.5719
2018-03-18,-0.07995789473684212,-0.7845,0.4404
2018-03-19,-0.03514545454545455,-0.6705,0.4019
2018-03-20,0.20861000000000005,-0.3919,0.9274
2018-03-21,0.07847826086956522,-0.2263,0.784
2018-03-22,-0.05465000000000001,-0.4215,0.784
2018-03-23,0.04820666666666667,-0.3818,0.8858
2018-03-24,0.11744444444444443,-0.0516,0.6682
2018-03-25,0.07253636363636363,-0.2411,0.3818
2018-03-26,0.010566666666666677,-0.5859,0.6682
2018-03-27,0.0912111111111111,-0.1027,0.5859
2018-03-28,-0.18833,-0.7845,0.0
2018-03-29,-0.16723333333333334,-0.8021,0.765
2018-03-30,-0.06676666666666664,-0.4215,0.6682
2018-03-31,-0.10425999999999999,-0.4019,0.5106
2018-04-01,0.08532307692307692,-0.4215,0.6682
2018-04-02,0.0573,-0.5859,0.6682
2018-04-03,-0.035823999999999995,-0.6249,0.6682
2018-04-04,0.01333076923076924,-0.6249,0.6682
2018-04-05,-0.07364074074074073,-0.7184,0.7269
2018-04-06,0.030523999999999996,-0.7783,0.6682
2018-04-07,-0.10788235294117647,-0.8176,0.4404
2018-04-08,-0.1784583333333333,-0.4019,0.0
2018-04-09,0.03694814814814815,-0.5423,0.8481
2018-04-10,-0.05411379310344828,-0.7184,0.6682
2018-04-11,0.07607619047619048,-0.5859,0.6682
2018-04-12,0.09600689655172415,-0.1027,0.7717
2018-04-13,-0.025059375,-0.6249,0.6808
2018-04-14,-0.059094444444444436,-0.6249,0.4404
2018-04-15,0.033600000000000005,-0.6249,0.4404
2018-04-16,0.03277222222222222,-0.296,0.6682
2018-04-17,0.007273913043478261,-0.5996,0.4404
2018-04-18,0.06269545454545454,-0.5996,0.6682
2018-04-19,-0.0959294117647059,-0.5996,0.4404
2018-04-20,-0.09241428571428571,-0.4767,0.4019
2018-04-21,0.08874444444444446,-0.2411,0.5994
2018-04-22,0.18935,0.0,0.6682
2018-04-23,-0.036436363636363635,-0.7906,0.6115
2018-04-24,-0.00563999999999999,-0.5719,0.6705
2018-04-25,0.15660000000000002,-0.296,0.6682
2018-04-26,-0.04216250000000001,-0.5859,0.784
2018-04-27,0.05636000000000001,-0.7063,0.6124
2018-04-28,0.1617625,0.0,0.6597
2018-04-29,0.32985,0.0,0.6597
2018-04-30,0.16845882352941177,-0.3818,0.7227
2018-05-01,0.05515555555555555,-0.4215,0.5106
2018-05-02,0.04448235294117647,-0.5719,0.7096
2018-05-03,-0.09920666666666665,-0.8807,0.4767
2018-05-04,-0.1103,-0.4939,0.0
2018-05-05,-0.005982352941176471,-0.8126,0.5106
2018-05-06,0.03612,0.0,0.3612
2018-05-07,-0.07307307692307694,-0.7003,0.7425
2018-05-08,0.12308888888888887,-0.0572,0.5859
2018-05-09,0.05072777777777774,-0.631,0.4215
2018-05-10,0.06483749999999999,-0.7717,0.5719
2018-05-11,0.036755555555555555,-0.4995,0.7003
2018-05-12,0.12625384615384616,-0.4173,0.5719
2018-05-13,0.15063125000000002,-0.0572,0.4404
2018-05-14,0.001711999999999998,-0.6249,0.4215
2018-05-15,0.1753136363636364,0.0,0.6705
2018-05-16,0.057323076923076914,-0.5423,0.5574
2018-05-17,-0.08678750000000002,-0.743,0.7506
2018-05-18,-0.04633125,-0.5574,0.7269
2018-05-19,0.1601181818181818,-0.2411,0.5719
2018-05-20,0.2007,0.0,0.4215
2018-05-21,0.08296250000000001,-0.5719,0.886
2018-05-22,0.13758461538461542,-0.5542,0.886
2018-05-23,0.02554666666666667,-0.5859,0.5574
2018-05-24,-0.34547083333333334,-0.7096,0.4404
2018-05-25,0.0513266666666667,-0.6249,0.5106
2018-05-26,0.3458375,0.0,0.886
2018-05-27,0.1853,-0.6249,0.886
2018-05-28,0.30773,-0.3291,0.886
2018-05-29,-0.04116666666666666,-0.6249,0.5106
2018-05-30,0.0003555555555555472,-0.6249,0.743
2018-05-31,0.02970625,-0.2263,0.8221
2018-06-01,0.09818888888888888,-0.3612,0.886
2018-06-02,0.1511818181818182,-0.296,0.886
2018-06-03,0.22676666666666667,-0.296,0.886
2018-06-04,0.10144736842105262,-0.5859,0.5423
2018-06-05,-0.15661875000000003,-0.6792,0.5574
2018-06-06,-0.084,-0.5423,0.1027
2018-06-07,0.05251,0.0,0.5106
2018-06-08,0.11892307692307692,-0.2263,0.7845
2018-06-09,-0.0353,-0.2792,0.1027
2018-06-10,-0.09352666666666667,-0.6249,0.3818
2018-06-11,-0.056429629629629614,-0.5859,0.7506
2018-06-12,0.013311111111111112,-0.296,0.6297
2018-06-13,-0.21207727272727278,-0.7351,0.6297
2018-06-14,-0.020860714285714288,-0.2732,0.6643
2018-06-15,-0.10180952380952382,-0.7184,0.5719
2018-06-16,0.08452500000000002,-0.2023,0.8305
2018-06-17,-0.0706,-0.4939,0.2023
2018-06-18,0.010149999999999982,-0.6808,0.6705
2018-06-19,-0.07652608695652174,-0.6249,0.34
2018-06-20,-0.06960714285714285,-0.6486,0.4404
2018-06-21,0.06191052631578949,-0.765,0.6486
2018-06-22,-0.1669375,-0.3818,0.0
2018-06-23,0.24235,0.0,0.5106
2018-06-24,0.1079294117647059,-0.7184,0.8345
2018-06-25,0.07818695652173913,-0.3182,0.6705
2018-06-26,-0.09488571428571431,-0.5171,0.5719
2018-06-27,-0.09683076923076925,-0.7717,0.296
2018-06-28,0.05671666666666667,-0.296,0.784
2018-06-29,0.040205882352941175,-0.4019,0.7783
2018-06-30,-0.05003333333333334,-0.4019,0.4019
2018-07-01,0.13252222222222224,-0.4019,0.7579
2018-07-02,-0.13583846153846152,-0.6486,0.2584
2018-07-03,0.0,0.0,0.0
2018-07-04,0.224125,0.0,0.8965
2018-07-05,-0.07564,-0.5859,0.3612
2018-07-06,0.039425,0.0,0.2382
2018-07-07,0.2174625,-0.5106,0.875
2018-07-08,0.04306666666666667,0.0,0.2584
2018-07-09,0.13323333333333334,-0.5267,0.4404
2018-07-10,0.07274,-0.2732,0.6369
2018-07-11,0.18307142857142855,0.0,0.5859
2018-07-12,0.044475,0.0,0.1779
2018-07-13,0.03639090909090909,-0.296,0.6705
2018-07-14,0.22049999999999997,0.0,0.4404
2018-07-15,0.1022,0.0,0.34
2018-07-16,0.21461666666666668,-0.128,0.6486
2018-07-17,0.02220526315789474,-0.4215,0.7177
2018-07-18,0.03943333333333334,-0.4939,0.919
2018-07-19,-0.06520000000000001,-0.2658,0.0
2018-07-20,0.185375,0.0,0.5106
2018-07-21,0.0,0.0,0.0
2018-07-22,0.07482499999999999,-0.2263,0.5256
2018-07-23,-0.05765,-0.7351,0.4019
2018-07-24,-0.037506250000000005,-0.7269,0.3291
2018-07-25,0.15634444444444442,-0.3182,0.7089
2018-07-26,-0.18272083333333336,-0.7579,0.5228
2018-07-27,-0.13115454545454547,-0.6249,0.5719
2018-07-28,0.1752,0.0,0.5256
2018-07-29,0.04271666666666665,-0.5209,0.3818
2018-07-30,-0.10868235294117648,-0.7964,0.3612
2018-07-31,0.0615857142857143,-0.5809,0.7269
2018-08-01,-0.025638461538461547,-0.5994,0.6249
2018-08-02,-0.0037764705882352896,-0.4939,0.4767
2018-08-03,-0.06631764705882354,-0.4391,0.4019
2018-08-04,0.2279,0.0,0.6597
2018-08-05,-0.053590909090909085,-0.5994,0.4449
2018-08-06,-0.009275000000000005,-0.5994,0.5719
2018-08-07,0.12482999999999997,0.0,0.5719
2018-08-08,-0.10511666666666668,-0.5267,0.2732
2018-08-09,0.1379142857142857,0.0,0.4019
2018-08-10,0.0032666666666666677,-0.4019,0.4215
2018-08-11,-0.06379999999999998,-0.4019,0.6116
2018-08-12,-0.09174285714285715,-0.4019,0.3612
2018-08-13,0.011050000000000013,-0.7351,0.34
2018-08-14,-0.023487999999999985,-0.4767,0.7269
2018-08-15,0.002241666666666665,-0.4404,0.4939
2018-08-16,0.09487142857142858,-0.4939,0.7184
2018-08-17,0.043291666666666666,-0.6486,0.7256
2018-08-18,-0.030666666666666675,-0.4939,0.4019
2018-08-19,-0.05135,-0.1027,0.0
2018-08-20,-0.09574444444444444,-0.4588,0.7003
2018-08-21,-0.16076,-0.4019,0.0
2018-08-22,0.07618571428571429,-0.4939,0.6908
2018-08-23,-0.038213333333333335,-0.7603,0.866
2018-08-24,0.08675454545454545,0.0,0.6361
2018-08-25,0.10491249999999999,-0.0754,0.4003
2018-08-26,0.03279999999999999,-0.4588,0.6369
2018-08-27,0.0035411764705882373,-0.8201,0.7096
2018-08-28,-0.03855000000000001,-0.8201,0.3182
2018-08-29,-0.008971428571428575,-0.8735,0.6369
2018-08-30,-0.0377,-0.0754,0.0
2018-08-31,0.02853,-0.1027,0.5423
2018-09-01,-0.033229999999999996,-0.4588,0.886
2018-09-02,0.08196666666666667,-0.4019,0.886
2018-09-03,-0.04448333333333334,-0.657,0.886
2018-09-04,0.0038000000000000017,-0.4588,0.4939
2018-09-05,0.010805882352941172,-0.3869,0.4588
2018-09-06,-0.19728888888888893,-0.5994,0.4019
2018-09-07,0.06618571428571428,0.0,0.2944
2018-09-08,-0.20226666666666668,-0.4588,0.0
2018-09-09,-0.015999999999999997,-0.4019,0.2023
2018-09-10,0.17155555555555552,-0.296,0.7845
2018-09-11,0.06074166666666669,-0.7516,0.7506
2018-09-12,-0.10515714285714285,-0.7003,0.5106
2018-09-13,0.056600000000000004,-0.4939,0.765
2018-09-14,-0.04414,-0.4939,0.2732
2018-09-15,0.0,0.0,0.0
2018-09-16,-0.05483333333333331,-0.4019,0.5106
2018-09-17,-0.09037999999999999,-0.4939,0.7096
2018-09-18,-0.03119999999999999,-0.5267,0.4019
2018-09-19,0.24813333333333334,-0.6369,0.8176
2018-09-20,0.19744210526315792,-0.4939,0.8176
2018-09-21,0.09971111111111111,0.0,0.5574
2018-09-22,-0.03423333333333333,-0.1027,0.0
2018-09-23,0.0,0.0,0.0
2018-09-24,0.0,0.0,0.0
2018-09-25,0.15,0.0,0.25
2018-09-26,0.14779090909090906,-0.1027,0.5719
2018-09-27,0.08353124999999997,-0.5147,0.5267
2018-09-28,0.24402,0.0,0.4019
2018-09-29,0.0006899999999999948,-0.34,0.4019
2018-09-30,0.07081666666666665,-0.296,0.5719
2018-10-01,-0.2702333333333333,-0.5147,0.0
2018-10-02,0.13396666666666665,0.0,0.4019
2018-10-03,0.02158333333333334,-0.296,0.34
2018-10-04,-0.18365,-0.9231,0.6908
2018-10-05,0.1297777777777778,-0.1655,0.4927
2018-10-06,-0.296,-0.296,-0.296
2018-10-07,0.0983,-0.296,0.4926
2018-10-08,0.10646,-0.3818,0.6705
2018-10-09,0.07857142857142858,-0.3818,0.4019
2018-10-10,0.13977142857142857,-0.3612,0.3612
2018-10-11,-0.126575,-0.5859,0.296
2018-10-12,-0.10511428571428572,-0.6486,0.34
2018-10-13,0.25427500000000003,-0.1027,0.4404
2018-10-14,0.003150000000000014,-0.4341,0.4404
2018-10-15,0.17167777777777776,-0.2023,0.6032
2018-10-16,0.15351428571428574,-0.4588,0.8834
2018-10-17,-0.18545454545454546,-0.5209,0.4215
2018-10-18,-0.17363333333333333,-0.5209,0.0
2018-10-19,-0.0032833333333333417,-0.5413,0.8439
2018-10-20,0.08598000000000001,-0.4341,0.7096
2018-10-21,0.211975,-0.4341,0.8491
2018-10-22,0.37549999999999994,0.0,0.6597
2018-10-23,0.07622999999999999,-0.3695,0.3818
2018-10-24,0.14200000000000002,-0.0772,0.3612
2018-10-25,0.19012857142857142,0.0,0.6486
2018-10-26,0.0,0.0,0.0
2018-10-27,0.1147,0.0,0.4588
2018-10-28,0.1806,0.0,0.3612
2018-10-29,0.09692857142857143,-0.1179,0.7964
2018-10-30,0.22747499999999998,0.0,0.939
2018-10-31,-0.08021578947368421,-0.7717,0.7184
2018-11-01,0.0007529411764706032,-0.6369,0.6249
2018-11-02,0.07522000000000002,-0.4588,0.7959
2018-11-03,-0.03561111111111112,-0.3612,0.4019
2018-11-04,0.0,0.0,0.0
2018-11-05,0.33191999999999994,0.0,0.4404
2018-11-06,0.3588714285714286,0.0,0.7096
2018-11-07,-0.10115,-0.2023,0.0
2018-11-08,0.43500000000000005,0.0,0.8172
2018-11-10,0.0,0.0,0.0
2018-11-11,0.20555,0.0,0.4404
2018-11-12,0.27584999999999993,-0.2732,0.6597
2018-11-13,-0.05882857142857141,-0.743,0.34
2018-11-14,-0.18282307692307692,-0.3818,0.0772
2018-11-15,-0.05118571428571428,-0.3818,0.3612
2018-11-16,-0.17759,-0.5574,0.0
2018-11-17,-0.39625,-0.5423,0.0
2018-11-18,-0.16907499999999998,-0.4588,0.6682
2018-11-19,-0.15859047619047623,-0.743,0.743
2018-11-20,-0.20021052631578948,-0.5423,0.25
2018-11-21,-0.022461538461538463,-0.7003,0.7506
2018-11-22,-0.22025,-0.4019,0.0
2018-11-23,-0.2115166666666667,-0.5574,0.296
2018-11-24,0.09988235294117645,-0.4585,0.5574
2018-11-25,0.011618918918918923,-0.5859,0.5574
2018-11-26,-0.40729999999999994,-0.8957,0.3612
2018-11-27,0.07604,0.0,0.2023
2018-11-28,0.06985999999999999,-0.3182,0.743
2018-11-29,0.2235,0.0,0.6705
2018-11-30,0.01411538461538462,-0.4449,0.34
2018-12-01,0.195775,-0.0516,0.8347
2018-12-02,0.018675,-0.0516,0.1779
2018-12-03,-0.05293333333333331,-0.5859,0.7003
2018-12-04,0.5224,0.4199,0.6249
2018-12-05,0.31245,0.0,0.6249
2018-12-06,-0.1505125,-0.4939,0.5423
2018-12-07,-0.09486666666666665,-0.3818,0.3818
2018-12-08,0.11315,0.0,0.2263
2018-12-09,0.07543333333333334,0.0,0.2263
2018-12-10,0.37743333333333334,0.0,0.5526
2018-12-11,-0.1957833333333333,-0.3182,0.0981
2018-12-12,0.02205714285714286,0.0,0.0772
2018-12-13,-0.016370000000000016,-0.7845,0.5526
2018-12-14,-0.17536249999999995,-0.7964,0.8126
2018-12-15,0.10897777777777778,-0.3182,0.5526
2018-12-16,-0.013924999999999993,-0.3182,0.4404
2018-12-17,0.12404705882352944,-0.296,0.8894
2018-12-18,0.06927857142857143,-0.6557,0.5398
2018-12-19,0.09478571428571432,-0.6124,0.8435
2018-12-20,0.2398,-0.4019,0.9226
2018-12-21,0.32532500000000003,0.0,0.6249
2018-12-22,-0.15415,-0.5106,0.2023
2018-12-23,0.1932,0.0,0.4019
2018-12-24,0.33344000000000007,0.0772,0.6369
2018-12-26,-0.042666666666666665,-0.128,0.0
2018-12-28,0.1953,0.0,0.5859
2018-12-29,0.0,0.0,0.0
2018-12-30,0.0,0.0,0.0
2018-12-31,-0.1027,-0.1027,-0.1027
2019-01-01,0.4767,0.4767,0.4767
2019-01-02,0.1805,-0.2263,0.4019
2019-01-03,-0.4019,-0.4019,-0.4019
2019-01-04,0.0,0.0,0.0
2019-01-05,0.41735,0.0,0.8347
2019-01-06,0.052771428571428566,-0.5209,0.743
2019-01-07,0.037288888888888885,-0.5994,0.5994
2019-01-08,0.03444545454545455,-0.4019,0.5994
2019-01-09,-0.12006666666666667,-0.2792,0.0
2019-01-10,-0.014177777777777777,-0.296,0.6486
2019-01-11,0.148,0.0,0.296
2019-01-12,0.2628888888888889,0.0,0.6808
2019-01-13,0.05558333333333332,-0.5994,0.6597
2019-01-14,0.42027777777777775,0.2023,0.8777
2019-01-15,0.0,0.0,0.0
2019-01-16,-0.24732000000000004,-0.6689,0.6476
2019-01-17,0.14075,0.0,0.2815
2019-01-18,0.15059999999999998,-0.6249,0.6476
2019-01-19,0.2165,0.0,0.8402
2019-01-20,0.5901,0.34,0.8402
2019-01-21,0.103375,-0.5423,0.9558
2019-01-22,0.12442857142857143,0.0,0.3818
2019-01-23,-0.001833333333333335,-0.8957,0.8658
2019-01-24,0.227525,0.0,0.6369
2019-01-25,0.04443999999999999,-0.3612,0.6633
2019-01-26,0.018099999999999995,-0.2732,0.3818
2019-01-27,0.2755,0.0,0.6486
2019-01-28,-0.27376,-0.6808,0.0
2019-01-29,0.2854857142857143,-0.7717,0.8658
2019-01-30,-0.11184999999999998,-0.6604,0.4939
2019-01-31,0.3490625,-0.128,0.8407
2019-02-01,0.14696666666666666,-0.4767,0.4588
2019-02-02,0.1412,0.1412,0.1412
2019-02-03,-0.11134,-0.4019,0.0
2019-02-04,-0.036616666666666665,-0.5994,0.7506
2019-02-05,0.06209999999999999,-0.5994,0.5719
2019-02-06,-0.175875,-0.8074,0.7184
2019-02-07,0.2608333333333333,0.0,0.5093
2019-02-08,-0.0734,-0.4404,0.0
2019-02-09,0.06363333333333333,0.0,0.3818
2019-02-10,-0.5994,-0.5994,-0.5994
2019-02-11,0.23524000000000003,-0.3612,0.7783
2019-02-12,0.09705714285714286,0.0,0.3612
2019-02-13,0.045477777777777784,-0.4019,0.8074
2019-02-14,-0.0012545454545454576,-0.5719,0.6808
2019-02-15,-0.017949999999999994,-0.5574,0.6478
2019-02-16,0.21936666666666663,0.0,0.5267
2019-02-17,0.0,0.0,0.0
2019-02-18,0.24286000000000002,0.0,0.7739
2019-02-19,0.0,0.0,0.0
2019-02-21,0.26539999999999997,-0.2732,0.6124
2019-02-22,0.3182,0.3182,0.3182
2019-02-23,0.029599999999999998,-0.3327,0.4215
2019-02-24,-0.22583333333333333,-0.6249,0.4215
2019-02-25,0.0886076923076923,-0.6065,0.5719
2019-02-26,0.1591,0.0,0.3182
2019-02-28,0.2615,0.0,0.7845
2019-03-01,-0.05740000000000001,-0.8893,0.6597
2019-03-02,-0.08978333333333333,-0.4939,0.3164
2019-03-03,0.024245454545454546,-0.4939,0.3182
2019-03-04,-0.2072,-0.4144,0.0
2019-03-05,0.08501999999999996,-0.6065,0.8343
2019-03-06,0.23013333333333333,0.0,0.4404
2019-03-07,0.15123333333333333,0.0,0.6114
2019-03-08,0.38745555555555555,0.0,0.836
2019-03-09,0.3590875,0.0,0.9376
2019-03-10,0.11777499999999996,-0.2755,0.5859
2019-03-11,-0.296,-0.296,-0.296
2019-03-12,0.12386,-0.3818,0.3182
2019-03-13,0.0548,-0.2023,0.5994
2019-03-14,0.15774000000000005,-0.836,0.6478
2019-03-15,-0.4065,-0.813,0.0
2019-03-16,0.44122000000000006,0.2732,0.6705
2019-03-18,0.06943333333333333,-0.4215,0.6114
2019-03-19,-0.1147,-0.4588,0.4588
2019-03-20,0.5791333333333333,0.354,0.9587
2019-03-21,0.1186,0.0,0.1779
2019-03-22,-0.24996666666666667,-0.4767,0.0
2019-03-23,0.1186,0.0,0.1779
2019-03-24,0.1591,0.0,0.3182
2019-03-25,0.02595,-0.5423,0.6682
2019-03-26,0.2820666666666667,0.0,0.7096
2019-03-27,0.20095,0.0,0.4019
2019-03-28,0.21153333333333335,0.0,0.5574
2019-03-29,0.2716,0.2716,0.2716
2019-03-30,0.17584,-0.1027,0.5423
2019-03-31,-0.2732,-0.2732,-0.2732
2019-04-01,0.06539999999999999,-0.4767,0.4201
2019-04-02,-0.069148,-0.6808,0.5106
2019-04-03,0.14614166666666667,-0.4767,0.5106
2019-04-04,0.18261666666666668,0.0,0.3612
2019-04-05,0.19590000000000002,0.1655,0.2263
2019-04-06,-0.09929999999999999,-0.7964,0.7717
2019-04-07,0.25120000000000003,-0.1759,0.8625
2019-04-08,0.0,0.0,0.0
2019-04-09,-0.2809125,-0.7351,0.6997
2019-04-10,-0.004783333333333324,-0.5574,0.34
2019-04-11,0.1961,0.0,0.4404
2019-04-12,-0.11492,-0.8839,0.6705
2019-04-13,-0.07911666666666668,-0.5574,0.6757
2019-04-14,-0.10864,-0.7137,0.2732
2019-04-15,0.23835,0.0,0.4767
2019-04-16,0.1716,-0.296,0.836
2019-04-17,0.15943000000000002,-0.3818,0.8756
2019-04-18,0.27743333333333337,-0.2057,0.836
2019-04-19,-0.10956000000000002,-0.5994,0.2023
2019-04-20,0.10976666666666667,-0.2732,0.6908
2019-04-21,0.39536666666666664,0.3071,0.5719
2019-04-22,0.0376,-0.1027,0.1779
2019-04-23,-0.03930833333333334,-0.7717,0.7684
2019-04-24,0.18677499999999997,-0.1027,0.5707
2019-04-25,0.0036500000000000005,-0.5994,0.7003
2019-04-26,-0.258675,-0.6249,0.4215
2019-04-27,0.203575,0.0,0.3182
2019-04-28,0.33736,0.0,0.8555
2019-04-29,-0.08033333333333333,-0.3818,0.3818
2019-04-30,-0.10059999999999998,-0.6808,0.0772
2019-05-01,0.6661,0.2263,0.9062
2019-05-02,0.5116999999999999,0.3818,0.6416
2019-05-03,-0.0683,-0.2732,0.0
2019-05-04,0.09484285714285712,-0.5106,0.6908
2019-05-05,0.5719,0.5719,0.5719
2019-05-06,-0.11333333333333334,-0.34,0.0
2019-05-07,0.048923076923076916,-0.34,0.8893
2019-05-08,0.017153571428571424,-0.91,0.9042
2019-05-09,0.11836666666666666,-0.4019,0.9062
2019-05-10,0.13573333333333337,-0.1901,0.5106
2019-05-11,0.250575,-0.2732,0.6369
2019-05-12,-0.1141,-0.8126,0.128
2019-05-13,0.13898461538461537,-0.5994,0.5267
2019-05-14,0.19670588235294117,-0.7924,0.6369
2019-05-15,0.23147500000000001,-0.2023,0.5859
2019-05-16,0.028059999999999995,-0.1779,0.3182
2019-05-17,0.25456666666666666,0.0,0.7906
2019-05-18,-0.2119333333333333,-0.6808,0.3182
2019-05-19,0.0683,0.0,0.2732
2019-05-20,-0.06337000000000001,-0.4404,0.4939
2019-05-21,0.06354285714285715,0.0,0.2411
2019-05-22,0.19192,0.0,0.4798
2019-05-23,0.0,0.0,0.0
2019-05-24,0.12213999999999998,-0.0572,0.7251
2019-05-25,0.3906,0.0,0.5859
2019-05-26,0.28516,0.0,0.5106
2019-05-27,0.09106666666666667,0.0,0.2732
2019-05-28,-0.1038666666666667,-0.5106,0.9086
2019-05-29,0.5106,0.5106,0.5106
2019-05-30,0.24961666666666668,0.0,0.9118
2019-05-31,0.17678750000000001,-0.3818,0.7693
2019-06-01,-0.015899999999999997,-0.3818,0.3182
2019-06-02,0.16907999999999998,-0.0572,0.6416
2019-06-03,0.08365555555555555,-0.5423,0.8176
2019-06-04,-0.16151428571428572,-0.5423,0.5399
2019-06-05,0.06089999999999998,-0.5994,0.4215
2019-06-06,0.18335,0.0,0.4374
2019-06-07,-0.06135555555555556,-0.5859,0.6416
2019-06-08,0.24956666666666663,-0.2732,0.9062
2019-06-09,-0.34812857142857145,-0.5859,0.3182
2019-06-10,0.62005,0.5719,0.6682
2019-06-11,0.0,0.0,0.0
2019-06-12,0.3576,0.0,0.7152
2019-06-13,0.37479999999999997,0.0,0.7152
2019-06-14,0.10197500000000001,-0.296,0.7506
2019-06-15,-0.04108,-0.1027,0.0
2019-06-16,0.03452222222222222,-0.5106,0.5423
2019-06-17,0.05616363636363635,-0.5106,0.7351
2019-06-18,0.07071666666666668,-0.34,0.4215
2019-06-19,0.172625,-0.5574,0.9325
2019-06-20,-0.10856666666666666,-0.3257,0.0
2019-06-21,0.23215,0.0,0.5499
2019-06-22,0.05597857142857143,-0.5423,0.7096
2019-06-23,0.006428571428571427,-0.2732,0.3182
2019-06-24,0.08278636363636364,-0.4019,0.4939
2019-06-25,0.12511,-0.0,0.5106
2019-06-26,0.17714583333333334,-0.3182,0.7506
2019-06-27,0.00551176470588234,-0.6124,0.6022
2019-06-28,0.14454999999999998,-0.4215,0.7269
2019-06-29,0.020316666666666653,-0.4404,0.3818
2019-06-30,-0.11216666666666665,-0.4215,0.34
2019-07-01,0.06581875000000001,-0.8074,0.9272
2019-07-02,-0.1835,-0.5913,0.3612
2019-07-03,-0.2764,-0.7096,0.3182
2019-07-04,0.23248333333333338,-0.4019,0.8555
2019-07-05,0.4798,0.3612,0.5984
2019-07-06,-0.2732,-0.2732,-0.2732
2019-07-07,0.4374,0.4374,0.4374
2019-07-08,-0.16995,-0.5267,0.0
2019-07-09,-0.0903,-0.3612,0.0
2019-07-10,0.26689999999999997,-0.128,0.9287
2019-07-11,-0.03073333333333334,-0.2484,0.3182
2019-07-12,-0.06908000000000002,-0.7717,0.802
2019-07-13,0.07153333333333335,-0.296,0.5106
2019-07-14,-0.04353333333333334,-0.2732,0.3182
2019-07-15,-0.076,-0.7003,0.4939
2019-07-16,0.04127142857142858,-0.25,0.3612
2019-07-17,0.03712499999999999,-0.4588,0.5267
2019-07-18,0.2861222222222222,0.0,0.5267
2019-07-19,0.3541833333333333,0.1561,0.5106
2019-07-20,-0.015050000000000008,-0.6249,0.7543
2019-07-21,0.08038,0.0,0.4019
2019-07-22,0.10948,-0.743,0.6416
2019-07-23,-0.026475,-0.3818,0.5719
2019-07-24,-0.06374,-0.6369,0.3182
2019-07-25,0.5491571428571428,-0.4404,0.8652
2019-07-26,-0.36854000000000003,-0.5267,-0.296
2019-07-27,0.2507666666666667,-0.34,0.9664
2019-07-28,-0.014500000000000004,-0.296,0.2714
2019-07-29,0.11370000000000002,-0.4215,0.6705
2019-07-30,-0.04394,-0.5574,0.8951
2019-07-31,0.9287,0.9287,0.9287
2019-08-01,0.05234,-0.2732,0.3818
2019-08-02,0.14765,-0.5106,0.7269
2019-08-03,0.33028,-0.296,0.8332
2019-08-04,0.04939999999999997,-0.5574,0.5255
2019-08-05,-0.10944499999999999,-0.4939,0.8951
2019-08-06,0.3289375,-0.2263,0.7944
2019-08-07,0.47119999999999995,0.2732,0.7944
2019-08-08,0.3857000000000001,-0.296,0.8957
2019-08-09,0.26134999999999997,-0.4019,0.9246
2019-08-10,0.211225,0.0,0.5267
2019-08-11,-0.21892499999999998,-0.7312,0.4019
2019-08-12,-0.09568,-0.2263,0.0
2019-08-13,0.008037499999999989,-0.4404,0.6705
2019-08-14,-0.2202,-0.4404,0.0
2019-08-15,0.2978,-0.296,0.5848
2019-08-16,-0.1253,-0.2732,0.0
2019-08-17,-0.0258,-0.0258,-0.0258
2019-08-18,0.42245,0.3182,0.5267
2019-08-19,-0.1696090909090909,-0.6249,0.6187
2019-08-20,0.49274999999999997,0.4588,0.5267
2019-08-21,0.24619999999999992,-0.2732,0.9501
2019-08-22,0.24676666666666666,-0.1027,0.4215
2019-08-24,-0.1998,-0.5994,0.0
2019-08-25,0.22009999999999996,-0.4588,0.9286
2019-08-26,0.2063,0.0,0.481
2019-08-27,0.124175,0.0,0.5719
2019-08-28,0.22877999999999998,0.0,0.4215
2019-08-29,-0.0010000000000000009,-0.4588,0.5719
2019-08-30,0.4027,-0.2732,0.9558
2019-08-31,0.43134999999999996,0.0,0.7475
2019-09-01,0.4013333333333333,0.0,0.7835
2019-09-02,0.21923333333333336,-0.4404,0.6588
2019-09-03,0.09094,-0.1027,0.5574
2019-09-04,0.36345,0.0,0.7269
2019-09-05,0.016709090909090937,-0.6908,0.8402
2019-09-06,0.1818,0.1027,0.34
2019-09-07,-0.07385,-0.3182,0.296
2019-09-08,0.07714,-0.3818,0.3182
2019-09-09,-0.1366,-0.2732,0.0
2019-09-10,-0.019224999999999996,-0.1027,0.1027
2019-09-11,0.11333333333333334,0.0,0.34
2019-09-12,-0.04518571428571429,-0.8658,0.4215
2019-09-13,0.28915714285714283,-0.5994,0.7579
2019-09-14,-0.30562000000000006,-0.4588,0.1027
2019-09-15,0.0,0.0,0.0
2019-09-16,0.11723333333333334,-0.2732,0.6249
2019-09-17,0.12726666666666667,0.0,0.3818
2019-09-18,-0.17015,-0.4588,0.3182
2019-09-19,-0.15460000000000002,-0.6249,0.5859
2019-09-20,0.13550000000000004,-0.4019,0.68
2019-09-21,0.117825,0.0,0.3182
2019-09-22,0.02063333333333334,-0.4023,0.4767
2019-09-23,0.4436,0.1779,0.9029
2019-09-24,0.0030333333333333323,-0.4767,0.504
2019-09-25,0.4465,0.0,0.6486
2019-09-26,0.23349999999999999,-0.2263,0.5719
2019-09-27,-0.1909,-0.3818,0.0
2019-09-28,0.1781428571428571,-0.4588,0.6705
2019-09-29,-0.0116,-0.2732,0.25
2019-09-30,-0.021640000000000013,-0.5719,0.6416
2019-10-01,-0.2126666666666667,-0.6249,0.4019
2019-10-02,-0.13147999999999999,-0.4767,0.636
2019-10-03,0.38395999999999997,-0.3182,0.9476
2019-10-04,-0.021900000000000003,-0.4767,0.8658
2019-10-05,-0.008137499999999999,-0.4404,0.4927
2019-10-06,-0.001772727272727249,-0.4767,0.5651
2019-10-07,-0.10906428571428568,-0.5719,0.8655
2019-10-08,0.39974,0.0,0.8745
2019-10-09,-0.0876125,-0.4019,0.0
2019-10-10,0.24667499999999998,-0.1027,0.8309
2019-10-11,0.07483999999999999,-0.4404,0.4588
2019-10-12,0.07626666666666665,-0.4404,0.351
2019-10-13,0.4432666666666667,0.296,0.5411
2019-10-14,-0.09823333333333334,-0.6808,0.4404
2019-10-15,0.27212000000000003,-0.6808,0.6317
2019-10-16,-0.0004142857142857004,-0.875,0.6369
2019-10-17,-0.4767,-0.4767,-0.4767
2019-10-18,0.0,0.0,0.0
2019-10-19,0.3182,0.3182,0.3182
2019-10-20,0.238925,0.0,0.5945
2019-10-21,-0.0683,-0.2732,0.0
2019-10-22,0.08895,0.0,0.1779
2019-10-23,-0.1819375,-0.6124,0.1511
2019-10-24,-0.2997,-0.5994,0.0
2019-10-25,-0.19523333333333334,-0.4767,0.0
2019-10-26,-0.06363333333333333,-0.3818,0.0
2019-10-27,0.2889,0.0,0.5267
2019-10-28,0.11735714285714284,-0.4019,0.5267
2019-10-29,0.23052499999999998,-0.3182,0.5267
2019-10-30,0.6668333333333334,0.6114,0.7777
2019-10-31,0.34,0.34,0.34
2019-11-01,0.5267,0.5267,0.5267
2019-11-02,-0.2732,-0.2732,-0.2732
2019-11-03,-0.03533333333333335,-0.5106,0.2023
2019-11-04,-0.09468333333333338,-0.5719,0.5267
2019-11-05,-0.16247499999999998,-0.5719,0.4939
2019-11-06,0.21055000000000001,-0.2263,0.802
2019-11-07,0.0,0.0,0.0
2019-11-08,0.1591,0.0,0.3182
2019-11-09,0.48575,0.4019,0.5696
2019-11-10,-0.266125,-0.5859,-0.1027
2019-11-11,-0.14615,-0.5423,0.25
2019-11-12,-0.52855,-0.6705,-0.1027
2019-11-13,0.3243,0.0,0.6486
2019-11-14,-0.3537333333333333,-0.743,0.0
2019-11-15,-0.148,-0.296,0.0
2019-11-16,-0.0077333333333333325,-0.2732,0.25
2019-11-17,-0.2732,-0.2732,-0.2732
2019-11-18,0.2787,0.0,0.5574
2019-11-19,0.20097500000000001,-0.0516,0.8555
2019-11-20,0.1637625,-0.5719,0.5267
2019-11-21,-0.142,-0.6523,0.2263
2019-11-22,0.06473333333333331,-0.7717,0.4871
2019-11-23,0.05115,-0.2732,0.751
2019-11-24,0.21584000000000003,-0.2732,0.6478
2019-11-25,-0.04529999999999999,-0.4939,0.7304
2019-11-26,0.4404,0.4404,0.4404
2019-11-27,0.35044,0.0,0.5255
2019-11-28,0.35721666666666674,0.0,0.8858
2019-11-29,-0.3264857142857143,-0.5994,0.0
2019-11-30,-0.2732,-0.2732,-0.2732
2019-12-01,0.24086666666666667,0.0,0.7226
2019-12-02,0.4147571428571429,-0.3182,0.7184
2019-12-03,-0.19095999999999996,-0.5849,0.0258
2019-12-04,0.07665714285714288,-0.3291,0.3612
2019-12-05,0.2023,0.2023,0.2023
2019-12-06,-0.11965,-0.2732,0.0
2019-12-07,0.22687500000000005,-0.5574,0.6124
2019-12-08,0.1366,0.0,0.2732
2019-12-09,0.2716,0.0,0.7798
2019-12-10,0.7096,0.7096,0.7096
2019-12-11,0.24708333333333335,-0.2263,0.8519
2019-12-12,-0.1366,-0.2732,0.0
2019-12-13,-0.1764,-0.2792,0.0
2019-12-14,0.026740000000000007,-0.5809,0.4939
2019-12-15,0.44025,0.0,0.8805
2019-12-16,-0.4336714285714286,-0.9081,0.6808
2019-12-17,-0.2202,-0.4404,0.0
2019-12-18,0.024900000000000005,-0.4939,0.4404
2019-12-19,0.12136,-0.4215,0.4753
2019-12-20,0.105775,-0.34,0.4019
2019-12-21,-0.1366,-0.2732,0.0
2019-12-22,0.34,0.34,0.34
2019-12-23,0.0,-0.3818,0.3818
2019-12-24,0.41809999999999997,-0.6114,0.7717
2019-12-26,0.3612,0.3612,0.3612
2019-12-27,0.3511333333333333,0.0,0.5267
2019-12-28,0.5267,0.5267,0.5267
2019-12-29,-0.09106666666666667,-0.2732,0.0
2019-12-30,0.3615857142857143,-0.5106,0.9061
2019-12-31,-0.057650000000000035,-0.5106,0.5406
2020-01-01,-0.30665000000000003,-0.5106,-0.1027
2020-01-02,0.468675,0.0,0.6249
2020-01-04,-0.2732,-0.2732,-0.2732
2020-01-05,0.38372,0.0,0.8953
2020-01-07,0.24106666666666665,-0.2755,0.8316
2020-01-08,0.0,0.0,0.0
2020-01-09,0.4019,0.4019,0.4019
2020-01-10,0.18762000000000004,-0.3412,0.7003
2020-01-11,-0.2732,-0.2732,-0.2732
2020-01-12,0.5849,0.5574,0.6124
2020-01-13,0.24845,0.0,0.8658
2020-01-14,0.16806666666666667,-0.1027,0.7096
2020-01-15,0.10258333333333335,-0.25,0.6369
2020-01-16,0.03260000000000002,-0.296,0.3612
2020-01-17,0.26450000000000007,-0.7845,0.7896
2020-01-18,-0.2006,-0.2732,-0.128
2020-01-19,-0.07892500000000001,-0.5994,0.2837
2020-01-20,0.07925000000000001,-0.3182,0.4767
2020-01-21,0.10115,0.0,0.2023
2020-01-22,0.743,0.743,0.743
2020-01-23,0.37246666666666667,0.0,0.8919
2020-01-24,0.3178,0.0,0.4767
2020-01-25,0.39662,0.0,0.7717
2020-01-26,0.10044285714285714,-0.2732,0.25
2020-01-27,0.29715,0.0,0.6808
2020-01-28,-0.021633333333333338,-0.5106,0.4019
2020-01-29,0.025066666666666657,-0.5423,0.4963
2020-01-30,0.074,-0.0,0.296
2020-01-31,0.0,0.0,0.0
2020-02-01,0.0031166666666666565,-0.5943,0.5267
2020-02-02,0.100475,0.0,0.4019
2020-02-03,0.0035199999999999897,-0.5242,0.765
2020-02-04,-0.09866666666666667,-0.296,0.0
2020-02-05,0.2420875,0.0,0.923
2020-02-06,0.14068,-0.1027,0.6588
2020-02-07,0.6705,0.6705,0.6705
2020-02-08,-0.09106666666666667,-0.2732,0.0
2020-02-09,0.12676250000000003,0.0,0.5927
2020-02-10,0.14930000000000002,-0.4019,0.6369
2020-02-11,0.22173333333333337,-0.4291,0.7712
2020-02-12,-0.004221428571428566,-0.6697,0.4939
2020-02-13,0.12949999999999998,0.0,0.4588
2020-02-14,0.32122857142857136,-0.3818,0.9722
2020-02-15,0.6808,0.6808,0.6808
2020-02-16,0.05930000000000002,-0.8271,0.6239
2020-02-17,0.25196,0.0,0.5423
2020-02-18,0.3268571428571429,0.0,0.9298
2020-02-19,0.2224625,-0.25,0.6808
2020-02-20,-0.0567,-0.9337,0.5983
2020-02-21,0.25378,-0.7184,0.6808
2020-02-22,0.401875,0.2732,0.5707
2020-02-23,0.20056666666666667,0.0,0.9534
2020-02-24,0.16347142857142857,-0.4404,0.5994
2020-02-25,0.3389857142857143,0.0,0.7003
2020-02-26,0.03162,-0.5256,0.8934
2020-02-27,0.08936000000000002,-0.2732,0.6114
2020-02-28,0.44883333333333336,0.0,0.7096
2020-02-29,0.07403999999999997,-0.4767,0.5267
2020-03-01,-0.10880000000000004,-0.5994,0.3818
2020-03-02,0.05908571428571429,-0.296,0.7096
2020-03-03,0.6225571428571428,0.3818,0.7777
2020-03-04,-0.11708571428571428,-0.743,0.636
2020-03-05,0.3386166666666666,0.0,0.6114
2020-03-06,0.3818,0.3818,0.3818
2020-03-07,0.13040000000000002,-0.296,0.8176
2020-03-08,0.23048749999999998,0.0,0.5994
2020-03-09,-0.15954000000000002,-0.9136,0.5696
2020-03-10,0.26776666666666665,0.0,0.4215
2020-03-11,-0.04750000000000001,-0.4767,0.4019
2020-03-12,0.10833076923076922,-0.4588,0.7393
2020-03-13,0.2701299999999999,-0.5209,0.9337
2020-03-14,0.5165,0.25,0.783
2020-03-15,0.21524285714285715,0.0,0.5349
2020-03-16,-0.10496666666666668,-0.8689,0.75
2020-03-17,0.48793333333333333,-0.0772,0.8591
2020-03-18,0.05185000000000002,-0.5209,0.7506
2020-03-19,-0.021529999999999994,-0.6908,0.2732
2020-03-20,-0.045445454545454546,-0.6808,0.6249
2020-03-21,0.46395000000000003,0.2023,0.7256
2020-03-22,0.024599999999999997,-0.1531,0.2023
2020-03-23,0.09844444444444446,-0.0644,0.3612
2020-03-24,0.30068749999999994,0.0,0.7783
2020-03-25,0.231525,-0.296,0.9098
2020-03-26,0.07165714285714286,-0.2732,0.7959
2020-03-27,0.0,0.0,0.0
2020-03-28,0.10115,0.0,0.2023
2020-03-29,0.71395,0.6705,0.7574
2020-03-30,0.11407999999999999,-0.128,0.3182
2020-03-31,0.1099,-0.8885,0.7783
2020-04-01,0.16565,0.0,0.3313
2020-04-02,0.6017166666666667,0.2023,0.7681
2020-04-03,0.21576666666666666,-0.1027,0.75
2020-04-04,0.0,0.0,0.0
2020-04-05,0.21001666666666666,-0.296,0.6908
2020-04-06,0.4236142857142857,0.0,0.936
2020-04-07,0.17745,0.1526,0.2023
2020-04-08,-0.2942,-0.2942,-0.2942
2020-04-09,0.3818,0.3818,0.3818
2020-04-10,0.38975000000000004,-0.1032,0.8827
2020-04-12,0.41285000000000005,0.2263,0.5994
2020-04-13,0.249075,0.0,0.3321
2020-04-14,0.3253,-0.4939,0.8979
2020-04-15,0.0,0.0,0.0
2020-04-16,-0.197,-0.5255,0.1779
2020-04-17,0.69625,0.5334,0.8591
2020-04-18,0.30036666666666667,0.0,0.6988
2020-04-19,0.18839999999999998,0.0,0.4215
2020-04-20,0.14049999999999999,0.0,0.4215
2020-04-21,0.1497,-0.4404,0.7398
2020-04-22,-0.064,-0.128,0.0
2020-04-23,0.0732,-0.4019,0.6696
2020-04-24,0.7955,0.7955,0.7955
2020-04-25,0.48425000000000007,0.0,0.9559
2020-04-26,0.47440000000000004,0.0,0.6988
2020-04-27,0.25451999999999997,-0.1027,0.6124
2020-04-28,0.12365,-0.3034,0.4215
2020-04-29,0.06635384615384615,-0.1531,0.6705
2020-04-30,0.24028333333333338,0.0,0.4497
2020-05-01,0.09463999999999999,0.0,0.2709
2020-05-02,0.253,-0.4082,0.8779
2020-05-03,0.06743333333333333,0.0,0.2023
2020-05-04,0.37155000000000005,0.0,0.9794
2020-05-05,0.45865999999999996,-0.1621,0.8316
2020-05-06,0.21588000000000002,-0.3182,0.4215
2020-05-07,0.25105,-0.1027,0.8271
2020-05-08,0.12465999999999999,0.0,0.5719
2020-05-09,0.2023,0.2023,0.2023
2020-05-10,0.10955,-0.296,0.6467
2020-05-11,0.4167620689655172,-0.4404,0.9007
2020-05-12,0.6191333333333334,0.2023,0.9673
2020-05-13,0.0932,-0.1027,0.2732
2020-05-14,0.29322,0.0,0.8619
2020-05-15,0.2696,0.0,0.5859
2020-05-16,0.24992857142857144,0.0,0.9808
2020-05-17,0.0643,-0.6249,0.7351
2020-05-18,0.722,0.2023,0.9559
2020-05-19,0.3805666666666667,0.2023,0.5994
2020-05-20,0.1332181818181818,0.0,0.5334
2020-05-21,0.24313333333333334,-0.5267,0.6114
2020-05-22,0.3818,0.0,0.8439
2020-05-23,0.523375,0.0,0.9552
2020-05-24,0.39716666666666667,0.0,0.7351
2020-05-25,0.22196666666666667,-0.4767,0.9403
2020-05-26,0.18225,0.0,0.5267
2020-05-27,0.05072,-0.4939,0.8832
2020-05-28,0.1195272727272727,-0.4939,0.7625
2020-05-29,0.45556,0.2023,0.8619
2020-05-30,0.243,0.0,0.5267
2020-05-31,-0.23835,-0.4767,0.0
2020-06-01,0.014114285714285715,-0.4767,0.296
2020-06-02,-0.041177777777777785,-0.3612,0.0772
2020-06-03,0.13775,0.0,0.2755
2020-06-04,0.44242,-0.6859,0.9769
2020-06-05,0.17676666666666666,-0.8541,0.8176
2020-06-07,-0.6249,-0.6249,-0.6249
2020-06-08,0.19681666666666672,-0.5538,0.8619
2020-06-09,0.25833333333333336,0.0,0.5849
2020-06-10,0.4062428571428571,0.0,0.9001
2020-06-11,-0.27237500000000003,-0.7003,0.2023
2020-06-12,0.11887500000000001,0.0,0.2732
2020-06-13,0.3514,0.0,0.6766
2020-06-14,0.4011,0.2755,0.5267
2020-06-15,0.17426,0.0,0.34
2020-06-16,-0.08716666666666668,-0.5859,0.5267
2020-06-17,-0.025374999999999995,-0.4939,0.2023
2020-06-18,0.40638571428571424,-0.3875,0.8453
2020-06-19,0.4758428571428572,0.0,0.9059
2020-06-20,0.7080333333333334,0.5267,0.8555
2020-06-21,0.6539999999999999,0.5267,0.8185
2020-06-22,0.4568,-0.3182,0.9413
2020-06-23,0.2375285714285714,-0.0,0.9097
2020-06-24,0.49363333333333337,0.3182,0.636
2020-06-25,0.26727999999999996,-0.9371,0.8955
2020-06-26,0.33962499999999995,0.0,0.6988
2020-06-27,-0.17363333333333333,-0.5209,0.0
2020-06-28,0.5267,0.5267,0.5267
2020-06-29,0.11315,0.0,0.2263
2020-06-30,0.2217,-0.7783,0.9605
2020-07-01,0.12674999999999997,-0.2732,0.5267
2020-07-02,0.23204285714285713,-0.2732,0.8126
2020-07-03,0.4999857142857143,0.2263,0.7424
2020-07-04,0.57656,0.0,0.9605
2020-07-05,0.38649999999999995,0.0,0.5267
2020-07-06,0.53758,0.3182,0.9389
2020-07-07,-0.31184,-0.9153,0.2714
2020-07-08,0.4368,0.0,0.7269
2020-07-09,0.3638333333333333,0.0,0.8201
2020-07-10,0.23362,-0.128,0.8714
2020-07-11,0.28148,-0.0258,0.6351
2020-07-12,0.34018571428571426,-0.4939,0.7339
2020-07-13,0.29384,0.0,0.5562
2020-07-14,0.4279842105263157,0.0,0.8553
2020-07-15,-0.07453000000000001,-0.7506,0.9812
2020-07-16,-0.05743571428571429,-0.6786,0.5859
2020-07-17,0.11143333333333329,-0.2755,0.3384
2020-07-18,0.017783333333333318,-0.7506,0.5859
2020-07-19,0.3559,0.2714,0.4404
2020-07-20,-0.05963333333333335,-0.7003,0.2714
2020-07-21,0.2892,0.0,0.8225
2020-07-22,0.17304000000000003,-0.5719,0.4939
2020-07-23,-0.1394625,-0.802,0.4404
2020-07-24,0.46865,0.2714,0.6659
2020-07-25,0.027333333333333338,-0.5719,0.2714
2020-07-26,0.1497125,0.0,0.5445
2020-07-27,0.02883750000000001,-0.4019,0.3612
2020-07-28,0.1209875,-0.3489,0.6369
2020-07-29,0.36106666666666665,-0.2124,0.9287
2020-07-30,0.33762857142857144,0.0,0.6481
2020-07-31,-0.24473333333333333,-0.7096,0.2714
2020-08-01,0.2714,0.2714,0.2714
2020-08-02,-0.05165,-0.2732,0.2714
2020-08-03,0.21602222222222223,-0.1027,0.4404
2020-08-04,0.3184166666666666,-0.3182,0.7717
2020-08-05,0.12066666666666666,-0.296,0.8221
2020-08-06,0.1873,-0.1027,0.8519
2020-08-07,0.0,0.0,0.0
2020-08-08,0.0,0.0,0.0
2020-08-09,0.22815000000000002,0.0,0.4843
2020-08-10,0.025675,-0.0,0.1027
2020-08-11,0.45705,0.0,0.9062
2020-08-12,0.15888750000000001,-0.4939,0.9291
2020-08-13,0.48667499999999997,0.2023,0.8268
2020-08-14,0.34664999999999996,-0.6908,0.9095
2020-08-15,0.27299999999999996,0.0,0.8271
2020-08-16,0.7208,0.7208,0.7208
2020-08-17,0.6798625,0.0,0.9451
2020-08-18,0.05174999999999999,-0.5574,0.7644
2020-08-19,0.022999999999999993,-0.4939,0.5859
2020-08-20,0.49076666666666674,0.0,0.9161
2020-08-21,0.567825,0.2023,0.8436
2020-08-22,0.19375,0.0,0.3875
2020-08-23,0.6273333333333333,0.128,0.877
2020-08-25,0.06903333333333332,-0.2263,0.6597
2020-08-26,0.159225,0.0,0.6369
2020-08-27,0.13502,0.0258,0.5719
2020-08-28,-0.7712,-0.7712,-0.7712
2020-08-29,0.29295,0.0,0.5859
2020-08-30,0.27092,-0.3818,0.8682
2020-08-31,0.19666666666666668,0.0,0.34
2020-09-01,0.74055,0.4019,0.9558
2020-09-02,0.4213,0.2023,0.6597
2020-09-03,0.2318142857142857,-0.2263,0.3818
2020-09-04,-0.3612,-0.3612,-0.3612
2020-09-05,0.3818,0.3818,0.3818
2020-09-06,0.30284999999999995,-0.1689,0.4588
2020-09-07,0.0807,-0.296,0.4574
2020-09-08,-0.08689999999999999,-0.296,0.0
2020-09-09,-0.26045,-0.5209,0.0
2020-09-10,0.1806,0.0,0.3612
2020-09-11,0.24966666666666668,-0.0,0.749
2020-09-12,0.9611,0.9611,0.9611
2020-09-13,0.1366,0.0,0.2732
2020-09-14,0.0,0.0,0.0
2020-09-15,0.303175,0.0,0.8309
2020-09-16,0.11926666666666667,0.0772,0.1779
2020-09-17,0.0625,0.0,0.25
2020-09-18,0.11723333333333334,-0.2732,0.6249
2020-09-20,0.33335000000000004,0.2263,0.4404
2020-09-21,-0.34,-0.34,-0.34
2020-09-22,0.16455,0.0,0.6582
2020-09-23,-0.04636666666666669,-0.5209,0.3818
2020-09-24,0.37554,0.0,0.7425
2020-09-25,-0.1909,-0.3818,0.0
2020-09-26,0.03260000000000002,-0.296,0.3612
2020-09-27,0.42375,0.0,0.8475
2020-09-28,0.09637500000000002,-0.4215,0.807
2020-09-29,0.10286,0.0,0.2732
2020-09-30,0.55996,0.0,0.8878
2020-10-01,0.07876,-0.3818,0.5719
2020-10-02,-0.05629999999999998,-0.7263,0.5574
2020-10-03,0.6908,0.6908,0.6908
2020-10-04,0.027699999999999985,-0.2514,0.5859
2020-10-05,0.29617499999999997,0.0,0.5972
2020-10-06,-0.13535999999999998,-0.5719,0.807
2020-10-07,-0.11073333333333335,-0.5209,0.6369
2020-10-08,0.33483,0.0,0.9402
2020-10-09,-0.12457499999999999,-0.296,0.0
2020-10-10,-0.31245,-0.6249,0.0
2020-10-11,0.0,0.0,0.0
2020-10-12,-0.20025,-0.4005,0.0
2020-10-13,0.25202,-0.1655,0.6239
2020-10-14,0.07933333333333333,-0.4939,0.6654
2020-10-15,0.0,0.0,0.0
2020-10-16,0.02632857142857143,-0.2263,0.6369
2020-10-17,0.02513333333333333,0.0,0.0754
2020-10-18,-0.025733333333333334,-0.0772,0.0
2020-10-19,0.0,0.0,0.0
2020-10-20,0.19276,0.0,0.9638
2020-10-21,0.036836363636363625,-0.7506,0.4588
2020-10-22,0.22901666666666665,0.0,0.6597
2020-10-23,0.20173000000000002,-0.4019,0.6369
2020-10-24,0.3174666666666667,0.0,0.6369
2020-10-25,0.0,0.0,0.0
2020-10-26,0.1806,0.0,0.3612
2020-10-27,-0.05817272727272727,-0.5209,0.0
2020-10-28,0.38620000000000004,-0.4404,0.8933
2020-10-29,0.27415,-0.296,0.7003
2020-10-30,-0.11893333333333334,-0.7783,0.4215
2020-10-31,-0.13115714285714286,-0.6249,0.6114
2020-11-01,0.17557999999999999,0.0,0.3818
2020-11-02,0.6369,0.6369,0.6369
2020-11-03,-0.1027,-0.1027,-0.1027
2020-11-04,0.10705714285714286,-0.296,0.4019
2020-11-05,0.14817,0.0,0.4939
2020-11-06,0.40845454545454546,-0.4767,0.9169
2020-11-07,0.47065,0.0,0.7351
2020-11-08,0.27348,0.0,0.5267
2020-11-09,0.050575,0.0,0.2023
2020-11-10,-0.17725,-0.5267,0.3818
2020-11-11,-0.011725,-0.2732,0.2263
2020-11-12,0.13590000000000002,-0.6249,0.9077
2020-11-13,0.22389166666666668,-0.6249,0.9246
2020-11-14,0.3388333333333333,0.0,0.8885
2020-11-15,0.11315,0.0,0.2263
2020-11-16,0.18117272727272726,-0.228,0.8176
2020-11-17,-0.05439375,-0.68,0.6239
2020-11-18,0.20933571428571426,-0.765,0.7903
2020-11-19,0.0929076923076923,-0.34,0.7579
2020-11-20,-0.18137777777777778,-0.3818,0.0
2020-11-21,0.0473857142857143,-0.5719,0.6369
2020-11-22,0.1547909090909091,0.0,0.6369
2020-11-23,0.1225764705882353,-0.6249,0.765
2020-11-24,0.15623529411764706,-0.4588,0.8834
2020-11-25,0.0736111111111111,-0.1531,0.807
2020-11-26,0.005078571428571432,-0.4019,0.6249
2020-11-27,0.30175882352941175,-0.7906,0.8211
2020-11-28,0.28428333333333333,-0.4215,0.9706
2020-11-29,0.3394833333333333,-0.2732,0.8442
2020-11-30,0.12502499999999997,-0.7184,0.8442
2020-12-01,0.06986428571428571,-0.7061,0.6908
2020-12-02,0.08612500000000001,-0.4939,0.6908
2020-12-03,0.28545384615384617,-0.7184,0.9231
2020-12-04,0.07777692307692306,-0.4215,0.7184
2020-12-05,0.25051,0.0,0.9136
2020-12-06,0.36232999999999993,-0.1531,0.8805
2020-12-07,0.12696999999999997,-0.598,0.6705
2020-12-08,0.20902000000000004,0.0,0.7184
2020-12-09,0.41934000000000005,-0.0258,0.8126
2020-12-10,0.06958181818181819,-0.5423,0.6705
2020-12-11,0.09450000000000001,-0.3612,0.5574
2020-12-12,0.27903749999999994,-0.2732,0.6705
2020-12-13,0.29422499999999996,-0.128,0.6705
2020-12-14,0.22964285714285718,-0.1531,0.8225
2020-12-15,0.1923272727272727,-0.4767,0.7351
2020-12-16,0.08307435897435898,-0.5574,0.8271
2020-12-17,0.20897600000000005,-0.3182,0.8356
2020-12-18,0.31468235294117647,-0.4019,0.9359
2020-12-19,0.28023333333333333,0.0,0.7783
2020-12-20,0.08627142857142857,-0.4939,0.6249
2020-12-21,0.1891,-0.2263,0.5859
2020-12-22,0.10821538461538462,-0.4767,0.7263
2020-12-23,0.19920000000000002,-0.1779,0.6597
2020-12-24,0.2802454545454545,0.0,0.8316
2020-12-25,0.16907999999999998,-0.5209,0.9259
2020-12-26,0.24765,-0.7351,0.9694
2020-12-27,-0.073075,-0.6249,0.5267
2020-12-28,0.25989,-0.296,0.931
2020-12-29,0.18363,-0.296,0.807
2020-12-30,0.41120833333333334,0.0,0.9001
2020-12-31,-0.19083333333333333,-0.5209,0.0
2021-01-01,0.2414285714285714,0.0,0.9062
2021-01-02,0.025952941176470595,-0.6705,0.6369
2021-01-03,0.10315000000000003,-0.4215,0.5562
2021-01-04,0.047981818181818174,-0.4215,0.7177
2021-01-05,0.11135789473684211,-0.7603,0.765
2021-01-06,0.1938238095238095,-0.6369,0.7003
2021-01-07,0.011470370370370377,-0.7269,0.8519
2021-01-08,0.16489090909090912,-0.6597,0.743
2021-01-09,0.25456666666666666,-0.6249,0.7964
2021-01-10,0.1127875,-0.5106,0.9169
2021-01-11,0.15108421052631582,-0.6597,0.8642
2021-01-12,0.1172529411764706,-0.6597,0.875
2021-01-13,0.21723125000000001,-0.5267,0.8996
2021-01-14,0.036071875,-0.8402,0.8788
2021-01-15,0.016768181818181804,-0.7184,0.9377
2021-01-16,0.1937565217391305,-0.7003,0.875
2021-01-17,0.08542941176470586,-0.7093,0.875
2021-01-18,0.0871076923076923,-0.4939,0.765
2021-01-19,0.20321666666666663,-0.6513,0.6908
2021-01-20,0.3467176470588235,0.0,0.7935
2021-01-21,0.06604166666666668,-0.6369,0.7501
2021-01-22,0.17873684210526317,-0.7096,0.9358
2021-01-23,0.17980909090909092,-0.3612,0.5859
2021-01-24,0.12555625,-0.6739,0.8622
2021-01-25,0.3246523809523809,-0.5994,0.7269
2021-01-26,0.13724999999999998,-0.8993,0.8883
2021-01-27,0.12308947368421051,-0.5423,0.8356
2021-01-28,0.026135714285714286,-0.9143,0.9589
2021-01-29,0.080425,-0.4939,0.7603
2021-01-30,0.057552000000000006,-0.8993,0.9162
2021-01-31,-0.135775,-0.8993,0.9228
2021-02-01,0.19319565217391305,-0.4767,0.91
2021-02-02,0.1888793103448276,-0.7506,0.8832
2021-02-03,0.2550181818181818,0.0,0.7717
2021-02-04,0.17892222222222223,-0.4019,0.7717
2021-02-05,0.34546818181818195,-0.5994,0.9523
2021-02-06,0.13055,-0.4767,0.7003
2021-02-07,0.04829333333333334,-0.8657,0.875
2021-02-08,0.12029078947368423,-0.5423,0.8016
2021-02-09,0.043161702127659574,-0.7506,0.7964
2021-02-10,0.13985250000000002,-0.4019,0.7269
2021-02-11,0.24217750000000002,-0.6249,0.872
2021-02-12,0.19320882352941174,-0.4753,0.9582
2021-02-13,0.2104526315789474,0.0,0.9325
2021-02-14,0.09930000000000001,0.0,0.6369
2021-02-15,0.1701823529411765,-0.4019,0.8225
2021-02-16,0.11346808510638298,-0.7184,0.7893
2021-02-17,0.06572702702702703,-0.624,0.8022
2021-02-18,0.28551176470588235,-0.7496,0.95
2021-02-19,0.17052432432432435,-0.5423,0.8096
2021-02-20,0.1365821428571429,-0.4939,0.7506
2021-02-21,0.17647647058823535,-0.5889,0.8402
2021-02-22,0.04617560975609761,-0.743,0.9136
2021-02-23,0.03474807692307692,-0.5574,0.9582
2021-02-24,0.16702500000000006,-0.5994,0.802
2021-02-25,0.0976875,-0.6249,0.7964
2021-02-26,0.2927176470588235,-0.1531,0.93
2021-02-27,0.04440714285714287,-0.4767,0.6742
2021-02-28,0.07776875000000001,-0.3612,0.6428
2021-03-01,0.03445277777777778,-0.5106,0.6037
2021-03-02,0.11954800000000003,-0.5859,0.6369
2021-03-03,0.085904,-0.8402,0.9001
2021-03-04,0.2939766666666666,-0.3612,0.9081
2021-03-05,0.0463952380952381,-0.6486,0.6901
2021-03-06,0.20704285714285714,0.0,0.5719
2021-03-07,0.13976666666666668,-0.296,0.6269
2021-03-08,0.14542380952380954,-0.4215,0.8462
2021-03-09,0.20492758620689652,-0.7506,0.6808
2021-03-10,0.20578947368421052,-0.4215,0.7579
2021-03-11,0.2254708333333333,-0.4588,0.9583
2021-03-12,0.06173200000000005,-0.7213,0.8439
2021-03-13,0.06253793103448277,-0.5267,0.7964
2021-03-14,-0.018441176470588228,-0.4404,0.5859
2021-03-15,-0.036254545454545456,-0.8434,0.9558
2021-03-16,0.11604500000000004,-0.6249,0.7184
2021-03-17,-0.013218181818181797,-0.5267,0.9638
2021-03-18,0.07544827586206895,-0.5267,0.5667
2021-03-19,0.19664347826086956,-0.3566,0.9451
2021-03-20,0.027288235294117648,-0.4404,0.5349
2021-03-21,-0.11576666666666667,-0.735,0.4588
2021-03-22,0.028172972972972967,-0.7264,0.6369
2021-03-23,-0.03898571428571428,-0.4767,0.6908
2021-03-24,0.18285000000000007,-0.4404,0.9081
2021-03-25,0.055442105263157904,-0.5423,0.5994
2021-03-26,0.09092142857142857,-0.3818,0.4404
2021-03-27,0.11192857142857145,-0.4404,0.9544
2021-03-28,-0.2102714285714286,-0.6124,0.4404
2021-03-29,0.0057727272727272775,-0.6124,0.7964
2021-03-30,0.08942083333333332,-0.4019,0.9246
2021-03-31,0.30994210526315796,-0.3182,0.7506
2021-04-01,0.2085739130434783,-0.4404,0.6901
2021-04-02,-0.011166666666666662,-0.4404,0.3612
2021-04-03,0.06442142857142856,-0.4404,0.6597
2021-04-04,-0.0009280000000000011,-0.4404,0.6369
2021-04-05,0.14943499999999998,-0.6369,0.765
2021-04-06,0.015765000000000008,-0.8402,0.9081
2021-04-07,-0.05494347826086958,-0.3612,0.705
2021-04-08,-0.04169411764705882,-0.5574,0.5707
2021-04-09,0.13475384615384617,-0.3612,0.8402
2021-04-10,0.08263333333333335,-0.6486,0.5859
2021-04-11,0.041485714285714285,-0.5093,0.4784
2021-04-12,0.12497777777777778,-0.2263,0.9349
2021-04-13,0.16485416666666666,-0.5562,0.9982
2021-04-14,0.24951000000000007,-0.4215,0.836
2021-04-15,0.041695238095238105,-0.4767,0.7184
2021-04-16,-0.026959999999999994,-0.5859,0.3595
2021-04-17,-0.013618181818181833,-0.4404,0.7089
2021-04-18,-0.11199189189189189,-0.5267,0.7089
2021-04-19,-0.02142142857142857,-0.7964,0.6808
2021-04-20,0.13832500000000003,-0.6808,0.7579
2021-04-21,0.047446666666666665,-0.4939,0.7357
2021-04-22,0.143516,-0.7906,0.7959
2021-04-23,0.008632352941176499,-0.7783,0.8398
2021-04-24,0.0932571428571429,-0.5719,0.7269
2021-04-25,0.21031666666666662,-0.9749,0.9738
2021-04-26,0.0948,-0.296,0.7003
2021-04-27,0.2949538461538462,0.0,0.6808
2021-04-28,-0.0056076923076923005,-0.6486,0.6249
2021-04-29,0.03866923076923079,-0.5719,0.6124
2021-04-30,0.07514347826086958,-0.5719,0.9685
2021-05-01,-0.08814444444444443,-0.5719,0.4877
2021-05-02,0.02540588235294117,-0.5423,0.6808
2021-05-03,0.22569545454545456,-0.6705,0.8074
2021-05-04,0.21809428571428568,-0.6362,0.8658
2021-05-05,0.15748333333333334,-0.4215,0.875
2021-05-06,0.07236969696969697,-0.5106,0.68
2021-05-07,0.03928181818181819,-0.4588,0.6705
2021-05-08,0.22268,-0.2023,0.872
2021-05-09,-0.06773999999999998,-0.6362,0.6369
2021-05-10,0.1896,-0.4767,0.9118
2021-05-11,0.07460740740740741,-0.4404,0.5719
2021-05-12,0.10844857142857142,-0.8225,0.743
2021-05-13,0.10449180327868852,-0.5106,0.9631
2021-05-14,0.1729047619047619,-0.4404,0.6597
2021-05-15,-0.16118095238095237,-0.4215,0.7096
2021-05-16,-0.03846666666666666,-0.6258,0.7478
2021-05-17,-0.011100000000000006,-0.7906,0.7351
2021-05-18,0.038013513513513494,-0.7184,0.7955
2021-05-19,0.06043828124999998,-0.7371,0.8934
2021-05-20,0.012765957446808508,-0.7777,0.915
2021-05-21,-0.03821250000000002,-0.8271,0.7096
2021-05-22,0.13984399999999997,-0.5634,0.6597
2021-05-23,0.0073535714285714315,-0.6597,0.8979
2021-05-24,0.03302622950819672,-0.6597,0.6369
2021-05-25,0.11217333333333336,-0.5859,0.6124
2021-05-26,0.058551063829787225,-0.8225,0.7845
2021-05-27,0.12113703703703703,-0.6808,0.6369
2021-05-28,0.053381818181818176,-0.8979,0.6369
2021-05-29,0.17557333333333333,-0.3089,0.5859
2021-05-30,0.3177666666666667,-0.2057,0.945
2021-05-31,0.19546428571428573,-0.7506,0.8979
